,,,Time,Voltage,
Record Length,2.500000e+03,,   0.000196000000,   4.21200,
Sample Interval,2.000000e-07,,   0.000196200000,   4.22000,
Trigger Point,-9.800000000000e+02,,   0.000196400000,   4.21280,
,,,   0.000196600000,   4.21280,
,,,   0.000196800000,   4.21920,
,,,   0.000197000000,   4.21280,
Source,CH2,,   0.000197200000,   4.26160,
Vertical Units,V,,   0.000197400000,   4.22320,
Vertical Scale,2.000000e-02,,   0.000197600000,   4.20800,
Vertical Offset,-4.196000e+00,,   0.000197800000,   4.21280,
Horizontal Units,s,,   0.000198000000,   4.21280,
Horizontal Scale,5.000000e-05,,   0.000198200000,   4.21040,
Pt Fmt,Y,,   0.000198400000,   4.20880,
Yzero,0.000000e+00,,   0.000198600000,   4.21040,
Probe Atten,1.000000e+01,,   0.000198800000,   4.21200,
Model Number,TDS2012C,,   0.000199000000,   4.21600,
Serial Number,C040645,,   0.000199200000,   4.21440,
Firmware Version,FV:v24.26,,   0.000199400000,   4.21200,
,,,0.000199600000,   4.20560,
,,,0.000199800000,   4.21280,
,,,0.000200000000,   4.21120,
,,,0.000200200000,   4.20960,
,,,0.000200400000,   4.20720,
,,,0.000200600000,   4.20960,
,,,0.000200800000,   4.21520,
,,,0.000201000000,   4.22240,
,,,0.000201200000,   4.22720,
,,,0.000201400000,   4.22080,
,,,0.000201600000,   4.21280,
,,,0.000201800000,   4.21600,
,,,0.000202000000,   4.21040,
,,,0.000202200000,   4.22000,
,,,0.000202400000,   4.21520,
,,,0.000202600000,   4.21040,
,,,0.000202800000,   4.21120,
,,,0.000203000000,   4.21520,
,,,0.000203200000,   4.21120,
,,,0.000203400000,   4.21600,
,,,0.000203600000,   4.21120,
,,,0.000203800000,   4.21600,
,,,0.000204000000,   4.21760,
,,,0.000204200000,   4.21840,
,,,0.000204400000,   4.21840,
,,,0.000204600000,   4.21280,
,,,0.000204800000,   4.21280,
,,,0.000205000000,   4.21520,
,,,0.000205200000,   4.21680,
,,,0.000205400000,   4.21600,
,,,0.000205600000,   4.21600,
,,,0.000205800000,   4.21760,
,,,0.000206000000,   4.20880,
,,,0.000206200000,   4.20880,
,,,0.000206400000,   4.21120,
,,,0.000206600000,   4.20800,
,,,0.000206800000,   4.20560,
,,,0.000207000000,   4.20400,
,,,0.000207200000,   4.20160,
,,,0.000207400000,   4.20720,
,,,0.000207600000,   4.22080,
,,,0.000207800000,   4.21680,
,,,0.000208000000,   4.20880,
,,,0.000208200000,   4.20720,
,,,0.000208400000,   4.20080,
,,,0.000208600000,   4.21360,
,,,0.000208800000,   4.20640,
,,,0.000209000000,   4.20880,
,,,0.000209200000,   4.20960,
,,,0.000209400000,   4.20720,
,,,0.000209600000,   4.20800,
,,,0.000209800000,   4.20800,
,,,0.000210000000,   4.20400,
,,,0.000210200000,   4.20640,
,,,0.000210400000,   4.20640,
,,,0.000210600000,   4.21440,
,,,0.000210800000,   4.21200,
,,,0.000211000000,   4.20640,
,,,0.000211200000,   4.20960,
,,,0.000211400000,   4.20800,
,,,0.000211600000,   4.20640,
,,,0.000211800000,   4.20880,
,,,0.000212000000,   4.20960,
,,,0.000212200000,   4.21360,
,,,0.000212400000,   4.20880,
,,,0.000212600000,   4.20960,
,,,0.000212800000,   4.21040,
,,,0.000213000000,   4.21040,
,,,0.000213200000,   4.21600,
,,,0.000213400000,   4.21120,
,,,0.000213600000,   4.20640,
,,,0.000213800000,   4.21360,
,,,0.000214000000,   4.21200,
,,,0.000214200000,   4.20880,
,,,0.000214400000,   4.21280,
,,,0.000214600000,   4.21040,
,,,0.000214800000,   4.21600,
,,,0.000215000000,   4.21440,
,,,0.000215200000,   4.21280,
,,,0.000215400000,   4.20400,
,,,0.000215600000,   4.20800,
,,,0.000215800000,   4.21200,
,,,0.000216000000,   4.21520,
,,,0.000216200000,   4.22240,
,,,0.000216400000,   4.21440,
,,,0.000216600000,   4.21680,
,,,0.000216800000,   4.21600,
,,,0.000217000000,   4.21360,
,,,0.000217200000,   4.22000,
,,,0.000217400000,   4.20880,
,,,0.000217600000,   4.20880,
,,,0.000217800000,   4.21120,
,,,0.000218000000,   4.20640,
,,,0.000218200000,   4.21200,
,,,0.000218400000,   4.20960,
,,,0.000218600000,   4.20400,
,,,0.000218800000,   4.20720,
,,,0.000219000000,   4.20320,
,,,0.000219200000,   4.20640,
,,,0.000219400000,   4.20160,
,,,0.000219600000,   4.20480,
,,,0.000219800000,   4.20720,
,,,0.000220000000,   4.20080,
,,,0.000220200000,   4.20640,
,,,0.000220400000,   4.21280,
,,,0.000220600000,   4.21680,
,,,0.000220800000,   4.22000,
,,,0.000221000000,   4.21760,
,,,0.000221200000,   4.21360,
,,,0.000221400000,   4.21680,
,,,0.000221600000,   4.22240,
,,,0.000221800000,   4.21520,
,,,0.000222000000,   4.21600,
,,,0.000222200000,   4.21680,
,,,0.000222400000,   4.22000,
,,,0.000222600000,   4.22080,
,,,0.000222800000,   4.22000,
,,,0.000223000000,   4.21200,
,,,0.000223200000,   4.22320,
,,,0.000223400000,   4.21440,
,,,0.000223600000,   4.21760,
,,,0.000223800000,   4.21680,
,,,0.000224000000,   4.21760,
,,,0.000224200000,   4.21680,
,,,0.000224400000,   4.22000,
,,,0.000224600000,   4.21680,
,,,0.000224800000,   4.17680,
,,,0.000225000000,   4.20400,
,,,0.000225200000,   4.21200,
,,,0.000225400000,   4.21840,
,,,0.000225600000,   4.21200,
,,,0.000225800000,   4.21440,
,,,0.000226000000,   4.20720,
,,,0.000226200000,   4.21040,
,,,0.000226400000,   4.20960,
,,,0.000226600000,   4.20960,
,,,0.000226800000,   4.21440,
,,,0.000227000000,   4.21040,
,,,0.000227200000,   4.21760,
,,,0.000227400000,   4.21520,
,,,0.000227600000,   4.21920,
,,,0.000227800000,   4.21280,
,,,0.000228000000,   4.21680,
,,,0.000228200000,   4.21920,
,,,0.000228400000,   4.21920,
,,,0.000228600000,   4.21760,
,,,0.000228800000,   4.22080,
,,,0.000229000000,   4.22560,
,,,0.000229200000,   4.21600,
,,,0.000229400000,   4.21920,
,,,0.000229600000,   4.22320,
,,,0.000229800000,   4.21680,
,,,0.000230000000,   4.22080,
,,,0.000230200000,   4.21920,
,,,0.000230400000,   4.21680,
,,,0.000230600000,   4.21600,
,,,0.000230800000,   4.21360,
,,,0.000231000000,   4.20880,
,,,0.000231200000,   4.21120,
,,,0.000231400000,   4.20880,
,,,0.000231600000,   4.22000,
,,,0.000231800000,   4.22240,
,,,0.000232000000,   4.21760,
,,,0.000232200000,   4.22400,
,,,0.000232400000,   4.21440,
,,,0.000232600000,   4.22720,
,,,0.000232800000,   4.22000,
,,,0.000233000000,   4.21680,
,,,0.000233200000,   4.21920,
,,,0.000233400000,   4.22160,
,,,0.000233600000,   4.22320,
,,,0.000233800000,   4.22400,
,,,0.000234000000,   4.22320,
,,,0.000234200000,   4.21440,
,,,0.000234400000,   4.22400,
,,,0.000234600000,   4.21600,
,,,0.000234800000,   4.21520,
,,,0.000235000000,   4.21760,
,,,0.000235200000,   4.22720,
,,,0.000235400000,   4.22240,
,,,0.000235600000,   4.22320,
,,,0.000235800000,   4.22320,
,,,0.000236000000,   4.22000,
,,,0.000236200000,   4.21600,
,,,0.000236400000,   4.21840,
,,,0.000236600000,   4.22400,
,,,0.000236800000,   4.22560,
,,,0.000237000000,   4.22080,
,,,0.000237200000,   4.21360,
,,,0.000237400000,   4.22480,
,,,0.000237600000,   4.22320,
,,,0.000237800000,   4.21920,
,,,0.000238000000,   4.22240,
,,,0.000238200000,   4.22240,
,,,0.000238400000,   4.22080,
,,,0.000238600000,   4.22400,
,,,0.000238800000,   4.21760,
,,,0.000239000000,   4.21760,
,,,0.000239200000,   4.22160,
,,,0.000239400000,   4.21600,
,,,0.000239600000,   4.21600,
,,,0.000239800000,   4.21360,
,,,0.000240000000,   4.21920,
,,,0.000240200000,   4.22000,
,,,0.000240400000,   4.22000,
,,,0.000240600000,   4.21680,
,,,0.000240800000,   4.22400,
,,,0.000241000000,   4.21600,
,,,0.000241200000,   4.21280,
,,,0.000241400000,   4.22000,
,,,0.000241600000,   4.21840,
,,,0.000241800000,   4.22080,
,,,0.000242000000,   4.21600,
,,,0.000242200000,   4.21600,
,,,0.000242400000,   4.21120,
,,,0.000242600000,   4.21280,
,,,0.000242800000,   4.21280,
,,,0.000243000000,   4.21760,
,,,0.000243200000,   4.22160,
,,,0.000243400000,   4.22000,
,,,0.000243600000,   4.22000,
,,,0.000243800000,   4.22000,
,,,0.000244000000,   4.23120,
,,,0.000244200000,   4.22000,
,,,0.000244400000,   4.21920,
,,,0.000244600000,   4.22400,
,,,0.000244800000,   4.22160,
,,,0.000245000000,   4.22480,
,,,0.000245200000,   4.22640,
,,,0.000245400000,   4.21840,
,,,0.000245600000,   4.21920,
,,,0.000245800000,   4.22000,
,,,0.000246000000,   4.22080,
,,,0.000246200000,   4.22480,
,,,0.000246400000,   4.21120,
,,,0.000246600000,   4.21280,
,,,0.000246800000,   4.21200,
,,,0.000247000000,   4.21680,
,,,0.000247200000,   4.21600,
,,,0.000247400000,   4.21200,
,,,0.000247600000,   4.21440,
,,,0.000247800000,   4.20880,
,,,0.000248000000,   4.20400,
,,,0.000248200000,   4.21440,
,,,0.000248400000,   4.21840,
,,,0.000248600000,   4.21280,
,,,0.000248800000,   4.21600,
,,,0.000249000000,   4.21520,
,,,0.000249200000,   4.22080,
,,,0.000249400000,   4.22160,
,,,0.000249600000,   4.22080,
,,,0.000249800000,   4.22320,
,,,0.000250000000,   4.22240,
,,,0.000250200000,   4.21840,
,,,0.000250400000,   4.22000,
,,,0.000250600000,   4.22000,
,,,0.000250800000,   4.21840,
,,,0.000251000000,   4.21360,
,,,0.000251200000,   4.22160,
,,,0.000251400000,   4.22720,
,,,0.000251600000,   4.21920,
,,,0.000251800000,   4.22320,
,,,0.000252000000,   4.21440,
,,,0.000252200000,   4.22080,
,,,0.000252400000,   4.22480,
,,,0.000252600000,   4.21920,
,,,0.000252800000,   4.21920,
,,,0.000253000000,   4.22320,
,,,0.000253200000,   4.21840,
,,,0.000253400000,   4.22640,
,,,0.000253600000,   4.22320,
,,,0.000253800000,   4.21520,
,,,0.000254000000,   4.21920,
,,,0.000254200000,   4.21840,
,,,0.000254400000,   4.21440,
,,,0.000254600000,   4.22080,
,,,0.000254800000,   4.22000,
,,,0.000255000000,   4.21600,
,,,0.000255200000,   4.22320,
,,,0.000255400000,   4.21520,
,,,0.000255600000,   4.21520,
,,,0.000255800000,   4.22080,
,,,0.000256000000,   4.22000,
,,,0.000256200000,   4.21840,
,,,0.000256400000,   4.22000,
,,,0.000256600000,   4.22160,
,,,0.000256800000,   4.22240,
,,,0.000257000000,   4.21920,
,,,0.000257200000,   4.21680,
,,,0.000257400000,   4.21680,
,,,0.000257600000,   4.21680,
,,,0.000257800000,   4.22160,
,,,0.000258000000,   4.22480,
,,,0.000258200000,   4.22400,
,,,0.000258400000,   4.22720,
,,,0.000258600000,   4.22320,
,,,0.000258800000,   4.21840,
,,,0.000259000000,   4.22000,
,,,0.000259200000,   4.22400,
,,,0.000259400000,   4.22240,
,,,0.000259600000,   4.22160,
,,,0.000259800000,   4.21840,
,,,0.000260000000,   4.22000,
,,,0.000260200000,   4.22640,
,,,0.000260400000,   4.21840,
,,,0.000260600000,   4.21840,
,,,0.000260800000,   4.21280,
,,,0.000261000000,   4.21440,
,,,0.000261200000,   4.20960,
,,,0.000261400000,   4.21680,
,,,0.000261600000,   4.22160,
,,,0.000261800000,   4.22240,
,,,0.000262000000,   4.22080,
,,,0.000262200000,   4.21600,
,,,0.000262400000,   4.21280,
,,,0.000262600000,   4.21280,
,,,0.000262800000,   4.21120,
,,,0.000263000000,   4.22000,
,,,0.000263200000,   4.21680,
,,,0.000263400000,   4.20960,
,,,0.000263600000,   4.20960,
,,,0.000263800000,   4.21200,
,,,0.000264000000,   4.21280,
,,,0.000264200000,   4.21200,
,,,0.000264400000,   4.21920,
,,,0.000264600000,   4.21920,
,,,0.000264800000,   4.21600,
,,,0.000265000000,   4.21680,
,,,0.000265200000,   4.21520,
,,,0.000265400000,   4.22320,
,,,0.000265600000,   4.21920,
,,,0.000265800000,   4.22000,
,,,0.000266000000,   4.21520,
,,,0.000266200000,   4.21360,
,,,0.000266400000,   4.20080,
,,,0.000266600000,   4.20480,
,,,0.000266800000,   4.20720,
,,,0.000267000000,   4.20400,
,,,0.000267200000,   4.20960,
,,,0.000267400000,   4.20560,
,,,0.000267600000,   4.20480,
,,,0.000267800000,   4.20400,
,,,0.000268000000,   4.21120,
,,,0.000268200000,   4.21440,
,,,0.000268400000,   4.21200,
,,,0.000268600000,   4.21920,
,,,0.000268800000,   4.21760,
,,,0.000269000000,   4.22000,
,,,0.000269200000,   4.21600,
,,,0.000269400000,   4.21680,
,,,0.000269600000,   4.22000,
,,,0.000269800000,   4.21920,
,,,0.000270000000,   4.21440,
,,,0.000270200000,   4.21280,
,,,0.000270400000,   4.21600,
,,,0.000270600000,   4.21200,
,,,0.000270800000,   4.21200,
,,,0.000271000000,   4.21600,
,,,0.000271200000,   4.21200,
,,,0.000271400000,   4.21520,
,,,0.000271600000,   4.22000,
,,,0.000271800000,   4.22080,
,,,0.000272000000,   4.21840,
,,,0.000272200000,   4.21760,
,,,0.000272400000,   4.21200,
,,,0.000272600000,   4.21520,
,,,0.000272800000,   4.21680,
,,,0.000273000000,   4.21040,
,,,0.000273200000,   4.22080,
,,,0.000273400000,   4.21920,
,,,0.000273600000,   4.22080,
,,,0.000273800000,   4.22320,
,,,0.000274000000,   4.21840,
,,,0.000274200000,   4.21600,
,,,0.000274400000,   4.21280,
,,,0.000274600000,   4.21520,
,,,0.000274800000,   4.21120,
,,,0.000275000000,   4.21680,
,,,0.000275200000,   4.21520,
,,,0.000275400000,   4.22080,
,,,0.000275600000,   4.22160,
,,,0.000275800000,   4.22400,
,,,0.000276000000,   4.21840,
,,,0.000276200000,   4.21600,
,,,0.000276400000,   4.22000,
,,,0.000276600000,   4.22000,
,,,0.000276800000,   4.22240,
,,,0.000277000000,   4.21760,
,,,0.000277200000,   4.22000,
,,,0.000277400000,   4.21520,
,,,0.000277600000,   4.21760,
,,,0.000277800000,   4.22080,
,,,0.000278000000,   4.22240,
,,,0.000278200000,   4.22080,
,,,0.000278400000,   4.21920,
,,,0.000278600000,   4.22000,
,,,0.000278800000,   4.21920,
,,,0.000279000000,   4.21680,
,,,0.000279200000,   4.21360,
,,,0.000279400000,   4.21600,
,,,0.000279600000,   4.21600,
,,,0.000279800000,   4.21520,
,,,0.000280000000,   4.21760,
,,,0.000280200000,   4.21680,
,,,0.000280400000,   4.22480,
,,,0.000280600000,   4.22000,
,,,0.000280800000,   4.22080,
,,,0.000281000000,   4.22400,
,,,0.000281200000,   4.20880,
,,,0.000281400000,   4.22560,
,,,0.000281600000,   4.22480,
,,,0.000281800000,   4.22080,
,,,0.000282000000,   4.22080,
,,,0.000282200000,   4.21600,
,,,0.000282400000,   4.21440,
,,,0.000282600000,   4.22080,
,,,0.000282800000,   4.21680,
,,,0.000283000000,   4.21920,
,,,0.000283200000,   4.21840,
,,,0.000283400000,   4.22320,
,,,0.000283600000,   4.21840,
,,,0.000283800000,   4.22320,
,,,0.000284000000,   4.21600,
,,,0.000284200000,   4.21520,
,,,0.000284400000,   4.21680,
,,,0.000284600000,   4.21600,
,,,0.000284800000,   4.21920,
,,,0.000285000000,   4.21920,
,,,0.000285200000,   4.22320,
,,,0.000285400000,   4.22240,
,,,0.000285600000,   4.21680,
,,,0.000285800000,   4.22080,
,,,0.000286000000,   4.21680,
,,,0.000286200000,   4.21920,
,,,0.000286400000,   4.21360,
,,,0.000286600000,   4.21760,
,,,0.000286800000,   4.21920,
,,,0.000287000000,   4.21920,
,,,0.000287200000,   4.21600,
,,,0.000287400000,   4.22000,
,,,0.000287600000,   4.21520,
,,,0.000287800000,   4.21360,
,,,0.000288000000,   4.20960,
,,,0.000288200000,   4.20960,
,,,0.000288400000,   4.21360,
,,,0.000288600000,   4.21200,
,,,0.000288800000,   4.21520,
,,,0.000289000000,   4.21760,
,,,0.000289200000,   4.21920,
,,,0.000289400000,   4.21920,
,,,0.000289600000,   4.22000,
,,,0.000289800000,   4.22160,
,,,0.000290000000,   4.22080,
,,,0.000290200000,   4.21520,
,,,0.000290400000,   4.21600,
,,,0.000290600000,   4.21600,
,,,0.000290800000,   4.21440,
,,,0.000291000000,   4.21680,
,,,0.000291200000,   4.22080,
,,,0.000291400000,   4.22080,
,,,0.000291600000,   4.22480,
,,,0.000291800000,   4.21840,
,,,0.000292000000,   4.22400,
,,,0.000292200000,   4.22160,
,,,0.000292400000,   4.22240,
,,,0.000292600000,   4.22000,
,,,0.000292800000,   4.22320,
,,,0.000293000000,   4.22960,
,,,0.000293200000,   4.22720,
,,,0.000293400000,   4.22560,
,,,0.000293600000,   4.21920,
,,,0.000293800000,   4.22080,
,,,0.000294000000,   4.22240,
,,,0.000294200000,   4.22400,
,,,0.000294400000,   4.22400,
,,,0.000294600000,   4.21680,
,,,0.000294800000,   4.22240,
,,,0.000295000000,   4.21920,
,,,0.000295200000,   4.21280,
,,,0.000295400000,   4.21840,
,,,0.000295600000,   4.21760,
,,,0.000295800000,   4.21920,
,,,0.000296000000,   4.21760,
,,,0.000296200000,   4.22160,
,,,0.000296400000,   4.22800,
,,,0.000296600000,   4.22160,
,,,0.000296800000,   4.22160,
,,,0.000297000000,   4.21840,
,,,0.000297200000,   4.21360,
,,,0.000297400000,   4.21920,
,,,0.000297600000,   4.22000,
,,,0.000297800000,   4.22400,
,,,0.000298000000,   4.22560,
,,,0.000298200000,   4.22240,
,,,0.000298400000,   4.22240,
,,,0.000298600000,   4.21760,
,,,0.000298800000,   4.22080,
,,,0.000299000000,   4.22400,
,,,0.000299200000,   4.22320,
,,,0.000299400000,   4.21680,
,,,0.000299600000,   4.22480,
,,,0.000299800000,   4.22720,
,,,0.000300000000,   4.22480,
,,,0.000300200000,   4.22480,
,,,0.000300400000,   4.21120,
,,,0.000300600000,   4.21840,
,,,0.000300800000,   4.21840,
,,,0.000301000000,   4.21360,
,,,0.000301200000,   4.22320,
,,,0.000301400000,   4.21680,
,,,0.000301600000,   4.22400,
,,,0.000301800000,   4.22000,
,,,0.000302000000,   4.21600,
,,,0.000302200000,   4.21120,
,,,0.000302400000,   4.21280,
,,,0.000302600000,   4.21680,
,,,0.000302800000,   4.22000,
,,,0.000303000000,   4.22000,
,,,0.000303200000,   4.20880,
,,,0.000303400000,   4.21680,
,,,0.000303600000,   4.21680,
,,,0.000303800000,   4.20560,
,,,0.000304000000,   4.20880,
,,,0.000304200000,   4.20240,
,,,0.000304400000,   4.21200,
,,,0.000304600000,   4.20720,
,,,0.000304800000,   4.20640,
,,,0.000305000000,   4.21280,
,,,0.000305200000,   4.20800,
,,,0.000305400000,   4.21040,
,,,0.000305600000,   4.20480,
,,,0.000305800000,   4.20320,
,,,0.000306000000,   4.21040,
,,,0.000306200000,   4.21760,
,,,0.000306400000,   4.21440,
,,,0.000306600000,   4.21280,
,,,0.000306800000,   4.22080,
,,,0.000307000000,   4.22320,
,,,0.000307200000,   4.22400,
,,,0.000307400000,   4.21440,
,,,0.000307600000,   4.20800,
,,,0.000307800000,   4.20560,
,,,0.000308000000,   4.19920,
,,,0.000308200000,   4.20400,
,,,0.000308400000,   4.20320,
,,,0.000308600000,   4.20320,
,,,0.000308800000,   4.20560,
,,,0.000309000000,   4.21200,
,,,0.000309200000,   4.21120,
,,,0.000309400000,   4.21200,
,,,0.000309600000,   4.21760,
,,,0.000309800000,   4.21920,
,,,0.000310000000,   4.21280,
,,,0.000310200000,   4.21760,
,,,0.000310400000,   4.21520,
,,,0.000310600000,   4.21840,
,,,0.000310800000,   4.21680,
,,,0.000311000000,   4.22000,
,,,0.000311200000,   4.21840,
,,,0.000311400000,   4.22720,
,,,0.000311600000,   4.22000,
,,,0.000311800000,   4.21680,
,,,0.000312000000,   4.21440,
,,,0.000312200000,   4.25040,
,,,0.000312400000,   4.21360,
,,,0.000312600000,   4.20960,
,,,0.000312800000,   4.20720,
,,,0.000313000000,   4.20560,
,,,0.000313200000,   4.20880,
,,,0.000313400000,   4.20960,
,,,0.000313600000,   4.20800,
,,,0.000313800000,   4.20560,
,,,0.000314000000,   4.20400,
,,,0.000314200000,   4.20240,
,,,0.000314400000,   4.20640,
,,,0.000314600000,   4.20880,
,,,0.000314800000,   4.20880,
,,,0.000315000000,   4.20640,
,,,0.000315200000,   4.20640,
,,,0.000315400000,   4.20320,
,,,0.000315600000,   4.21360,
,,,0.000315800000,   4.21040,
,,,0.000316000000,   4.22160,
,,,0.000316200000,   4.22480,
,,,0.000316400000,   4.22000,
,,,0.000316600000,   4.21440,
,,,0.000316800000,   4.21840,
,,,0.000317000000,   4.21200,
,,,0.000317200000,   4.21520,
,,,0.000317400000,   4.20960,
,,,0.000317600000,   4.21280,
,,,0.000317800000,   4.21760,
,,,0.000318000000,   4.21360,
,,,0.000318200000,   4.21680,
,,,0.000318400000,   4.22000,
,,,0.000318600000,   4.21840,
,,,0.000318800000,   4.21840,
,,,0.000319000000,   4.21760,
,,,0.000319200000,   4.21520,
,,,0.000319400000,   4.21440,
,,,0.000319600000,   4.22000,
,,,0.000319800000,   4.21520,
,,,0.000320000000,   4.15760,
,,,0.000320200000,   4.20000,
,,,0.000320400000,   4.20480,
,,,0.000320600000,   4.21360,
,,,0.000320800000,   4.21360,
,,,0.000321000000,   4.21600,
,,,0.000321200000,   4.21280,
,,,0.000321400000,   4.20480,
,,,0.000321600000,   4.20880,
,,,0.000321800000,   4.21040,
,,,0.000322000000,   4.21040,
,,,0.000322200000,   4.21280,
,,,0.000322400000,   4.21120,
,,,0.000322600000,   4.22000,
,,,0.000322800000,   4.21520,
,,,0.000323000000,   4.20880,
,,,0.000323200000,   4.21440,
,,,0.000323400000,   4.21360,
,,,0.000323600000,   4.21440,
,,,0.000323800000,   4.21920,
,,,0.000324000000,   4.22240,
,,,0.000324200000,   4.22320,
,,,0.000324400000,   4.22480,
,,,0.000324600000,   4.21840,
,,,0.000324800000,   4.22000,
,,,0.000325000000,   4.21440,
,,,0.000325200000,   4.21920,
,,,0.000325400000,   4.22000,
,,,0.000325600000,   4.21040,
,,,0.000325800000,   4.20720,
,,,0.000326000000,   4.21120,
,,,0.000326200000,   4.21440,
,,,0.000326400000,   4.21680,
,,,0.000326600000,   4.21280,
,,,0.000326800000,   4.21600,
,,,0.000327000000,   4.21920,
,,,0.000327200000,   4.21840,
,,,0.000327400000,   4.21760,
,,,0.000327600000,   4.21680,
,,,0.000327800000,   4.21280,
,,,0.000328000000,   4.21840,
,,,0.000328200000,   4.21680,
,,,0.000328400000,   4.21680,
,,,0.000328600000,   4.22160,
,,,0.000328800000,   4.21920,
,,,0.000329000000,   4.22400,
,,,0.000329200000,   4.21920,
,,,0.000329400000,   4.21600,
,,,0.000329600000,   4.22400,
,,,0.000329800000,   4.21920,
,,,0.000330000000,   4.21760,
,,,0.000330200000,   4.21280,
,,,0.000330400000,   4.21280,
,,,0.000330600000,   4.21920,
,,,0.000330800000,   4.21920,
,,,0.000331000000,   4.22400,
,,,0.000331200000,   4.22240,
,,,0.000331400000,   4.22240,
,,,0.000331600000,   4.21760,
,,,0.000331800000,   4.22240,
,,,0.000332000000,   4.22000,
,,,0.000332200000,   4.21360,
,,,0.000332400000,   4.21120,
,,,0.000332600000,   4.21680,
,,,0.000332800000,   4.21600,
,,,0.000333000000,   4.21440,
,,,0.000333200000,   4.22000,
,,,0.000333400000,   4.21840,
,,,0.000333600000,   4.22720,
,,,0.000333800000,   4.22560,
,,,0.000334000000,   4.22320,
,,,0.000334200000,   4.21600,
,,,0.000334400000,   4.22400,
,,,0.000334600000,   4.21920,
,,,0.000334800000,   4.21440,
,,,0.000335000000,   4.22000,
,,,0.000335200000,   4.22240,
,,,0.000335400000,   4.21520,
,,,0.000335600000,   4.22160,
,,,0.000335800000,   4.22240,
,,,0.000336000000,   4.22320,
,,,0.000336200000,   4.21840,
,,,0.000336400000,   4.21920,
,,,0.000336600000,   4.21600,
,,,0.000336800000,   4.21440,
,,,0.000337000000,   4.21920,
,,,0.000337200000,   4.22320,
,,,0.000337400000,   4.20960,
,,,0.000337600000,   4.21200,
,,,0.000337800000,   4.21200,
,,,0.000338000000,   4.21200,
,,,0.000338200000,   4.21680,
,,,0.000338400000,   4.21680,
,,,0.000338600000,   4.21520,
,,,0.000338800000,   4.21600,
,,,0.000339000000,   4.20880,
,,,0.000339200000,   4.22000,
,,,0.000339400000,   4.21680,
,,,0.000339600000,   4.20720,
,,,0.000339800000,   4.21040,
,,,0.000340000000,   4.21120,
,,,0.000340200000,   4.21600,
,,,0.000340400000,   4.21760,
,,,0.000340600000,   4.21680,
,,,0.000340800000,   4.22000,
,,,0.000341000000,   4.21600,
,,,0.000341200000,   4.21840,
,,,0.000341400000,   4.21600,
,,,0.000341600000,   4.20800,
,,,0.000341800000,   4.20480,
,,,0.000342000000,   4.21040,
,,,0.000342200000,   4.21440,
,,,0.000342400000,   4.22320,
,,,0.000342600000,   4.21520,
,,,0.000342800000,   4.21680,
,,,0.000343000000,   4.21680,
,,,0.000343200000,   4.21280,
,,,0.000343400000,   4.20880,
,,,0.000343600000,   4.21600,
,,,0.000343800000,   4.21200,
,,,0.000344000000,   4.21360,
,,,0.000344200000,   4.22240,
,,,0.000344400000,   4.21840,
,,,0.000344600000,   4.22160,
,,,0.000344800000,   4.22400,
,,,0.000345000000,   4.22240,
,,,0.000345200000,   4.22480,
,,,0.000345400000,   4.22080,
,,,0.000345600000,   4.21760,
,,,0.000345800000,   4.22080,
,,,0.000346000000,   4.22160,
,,,0.000346200000,   4.22080,
,,,0.000346400000,   4.22240,
,,,0.000346600000,   4.22320,
,,,0.000346800000,   4.22320,
,,,0.000347000000,   4.22240,
,,,0.000347200000,   4.21840,
,,,0.000347400000,   4.21600,
,,,0.000347600000,   4.21920,
,,,0.000347800000,   4.22080,
,,,0.000348000000,   4.22000,
,,,0.000348200000,   4.22000,
,,,0.000348400000,   4.22000,
,,,0.000348600000,   4.22080,
,,,0.000348800000,   4.21600,
,,,0.000349000000,   4.21520,
,,,0.000349200000,   4.22160,
,,,0.000349400000,   4.22080,
,,,0.000349600000,   4.21600,
,,,0.000349800000,   4.21200,
,,,0.000350000000,   4.22000,
,,,0.000350200000,   4.21200,
,,,0.000350400000,   4.20880,
,,,0.000350600000,   4.21360,
,,,0.000350800000,   4.21360,
,,,0.000351000000,   4.21920,
,,,0.000351200000,   4.22480,
,,,0.000351400000,   4.22000,
,,,0.000351600000,   4.21760,
,,,0.000351800000,   4.22400,
,,,0.000352000000,   4.22240,
,,,0.000352200000,   4.22240,
,,,0.000352400000,   4.21760,
,,,0.000352600000,   4.22160,
,,,0.000352800000,   4.22320,
,,,0.000353000000,   4.22000,
,,,0.000353200000,   4.21680,
,,,0.000353400000,   4.22320,
,,,0.000353600000,   4.21840,
,,,0.000353800000,   4.22080,
,,,0.000354000000,   4.22000,
,,,0.000354200000,   4.22000,
,,,0.000354400000,   4.21680,
,,,0.000354600000,   4.21920,
,,,0.000354800000,   4.21680,
,,,0.000355000000,   4.22000,
,,,0.000355200000,   4.22000,
,,,0.000355400000,   4.22160,
,,,0.000355600000,   4.22160,
,,,0.000355800000,   4.21200,
,,,0.000356000000,   4.21520,
,,,0.000356200000,   4.22160,
,,,0.000356400000,   4.22000,
,,,0.000356600000,   4.21200,
,,,0.000356800000,   4.21920,
,,,0.000357000000,   4.21760,
,,,0.000357200000,   4.21920,
,,,0.000357400000,   4.22000,
,,,0.000357600000,   4.22240,
,,,0.000357800000,   4.21920,
,,,0.000358000000,   4.22320,
,,,0.000358200000,   4.22000,
,,,0.000358400000,   4.21680,
,,,0.000358600000,   4.21600,
,,,0.000358800000,   4.22160,
,,,0.000359000000,   4.22320,
,,,0.000359200000,   4.21760,
,,,0.000359400000,   4.22400,
,,,0.000359600000,   4.22320,
,,,0.000359800000,   4.22720,
,,,0.000360000000,   4.22240,
,,,0.000360200000,   4.22080,
,,,0.000360400000,   4.22080,
,,,0.000360600000,   4.22800,
,,,0.000360800000,   4.23120,
,,,0.000361000000,   4.22480,
,,,0.000361200000,   4.22640,
,,,0.000361400000,   4.22480,
,,,0.000361600000,   4.22240,
,,,0.000361800000,   4.22320,
,,,0.000362000000,   4.21920,
,,,0.000362200000,   4.22400,
,,,0.000362400000,   4.22400,
,,,0.000362600000,   4.21680,
,,,0.000362800000,   4.22080,
,,,0.000363000000,   4.22480,
,,,0.000363200000,   4.21520,
,,,0.000363400000,   4.22080,
,,,0.000363600000,   4.22320,
,,,0.000363800000,   4.22240,
,,,0.000364000000,   4.22320,
,,,0.000364200000,   4.21760,
,,,0.000364400000,   4.21680,
,,,0.000364600000,   4.21920,
,,,0.000364800000,   4.21920,
,,,0.000365000000,   4.21600,
,,,0.000365200000,   4.21760,
,,,0.000365400000,   4.21840,
,,,0.000365600000,   4.22480,
,,,0.000365800000,   4.22480,
,,,0.000366000000,   4.22800,
,,,0.000366200000,   4.22080,
,,,0.000366400000,   4.22240,
,,,0.000366600000,   4.22000,
,,,0.000366800000,   4.21920,
,,,0.000367000000,   4.22080,
,,,0.000367200000,   4.22320,
,,,0.000367400000,   4.22080,
,,,0.000367600000,   4.22960,
,,,0.000367800000,   4.22880,
,,,0.000368000000,   4.22400,
,,,0.000368200000,   4.22800,
,,,0.000368400000,   4.21920,
,,,0.000368600000,   4.21920,
,,,0.000368800000,   4.22640,
,,,0.000369000000,   4.22480,
,,,0.000369200000,   4.22400,
,,,0.000369400000,   4.22640,
,,,0.000369600000,   4.22640,
,,,0.000369800000,   4.21600,
,,,0.000370000000,   4.22080,
,,,0.000370200000,   4.21680,
,,,0.000370400000,   4.21680,
,,,0.000370600000,   4.22400,
,,,0.000370800000,   4.22320,
,,,0.000371000000,   4.21840,
,,,0.000371200000,   4.22480,
,,,0.000371400000,   4.22400,
,,,0.000371600000,   4.22640,
,,,0.000371800000,   4.21920,
,,,0.000372000000,   4.21920,
,,,0.000372200000,   4.21600,
,,,0.000372400000,   4.22320,
,,,0.000372600000,   4.21760,
,,,0.000372800000,   4.21040,
,,,0.000373000000,   4.21440,
,,,0.000373200000,   4.21920,
,,,0.000373400000,   4.22080,
,,,0.000373600000,   4.21360,
,,,0.000373800000,   4.21680,
,,,0.000374000000,   4.22000,
,,,0.000374200000,   4.20960,
,,,0.000374400000,   4.21520,
,,,0.000374600000,   4.21600,
,,,0.000374800000,   4.22880,
,,,0.000375000000,   4.23040,
,,,0.000375200000,   4.21680,
,,,0.000375400000,   4.21920,
,,,0.000375600000,   4.22160,
,,,0.000375800000,   4.22800,
,,,0.000376000000,   4.22560,
,,,0.000376200000,   4.22080,
,,,0.000376400000,   4.20960,
,,,0.000376600000,   4.21600,
,,,0.000376800000,   4.21600,
,,,0.000377000000,   4.21520,
,,,0.000377200000,   4.21120,
,,,0.000377400000,   4.20960,
,,,0.000377600000,   4.20800,
,,,0.000377800000,   4.21520,
,,,0.000378000000,   4.21280,
,,,0.000378200000,   4.21120,
,,,0.000378400000,   4.21200,
,,,0.000378600000,   4.21600,
,,,0.000378800000,   4.22320,
,,,0.000379000000,   4.22000,
,,,0.000379200000,   4.22400,
,,,0.000379400000,   4.22800,
,,,0.000379600000,   4.22640,
,,,0.000379800000,   4.22240,
,,,0.000380000000,   4.22320,
,,,0.000380200000,   4.21840,
,,,0.000380400000,   4.21680,
,,,0.000380600000,   4.21200,
,,,0.000380800000,   4.20880,
,,,0.000381000000,   4.20880,
,,,0.000381200000,   4.20960,
,,,0.000381400000,   4.21440,
,,,0.000381600000,   4.21680,
,,,0.000381800000,   4.21280,
,,,0.000382000000,   4.22000,
,,,0.000382200000,   4.21680,
,,,0.000382400000,   4.21600,
,,,0.000382600000,   4.21680,
,,,0.000382800000,   4.21440,
,,,0.000383000000,   4.21360,
,,,0.000383200000,   4.21920,
,,,0.000383400000,   4.21360,
,,,0.000383600000,   4.21680,
,,,0.000383800000,   4.22160,
,,,0.000384000000,   4.21440,
,,,0.000384200000,   4.21440,
,,,0.000384400000,   4.21040,
,,,0.000384600000,   4.29200,
,,,0.000384800000,   4.23040,
,,,0.000385000000,   4.21040,
,,,0.000385200000,   4.20800,
,,,0.000385400000,   4.21360,
,,,0.000385600000,   4.20800,
,,,0.000385800000,   4.20640,
,,,0.000386000000,   4.21200,
,,,0.000386200000,   4.21360,
,,,0.000386400000,   4.21760,
,,,0.000386600000,   4.20960,
,,,0.000386800000,   4.20160,
,,,0.000387000000,   4.20960,
,,,0.000387200000,   4.20240,
,,,0.000387400000,   4.21120,
,,,0.000387600000,   4.20640,
,,,0.000387800000,   4.20800,
,,,0.000388000000,   4.20960,
,,,0.000388200000,   4.21280,
,,,0.000388400000,   4.21600,
,,,0.000388600000,   4.22240,
,,,0.000388800000,   4.22560,
,,,0.000389000000,   4.21680,
,,,0.000389200000,   4.21600,
,,,0.000389400000,   4.21600,
,,,0.000389600000,   4.21360,
,,,0.000389800000,   4.21360,
,,,0.000390000000,   4.21520,
,,,0.000390200000,   4.21360,
,,,0.000390400000,   4.21600,
,,,0.000390600000,   4.21840,
,,,0.000390800000,   4.21920,
,,,0.000391000000,   4.21760,
,,,0.000391200000,   4.21360,
,,,0.000391400000,   4.21680,
,,,0.000391600000,   4.21920,
,,,0.000391800000,   4.22320,
,,,0.000392000000,   4.21280,
,,,0.000392200000,   4.22240,
,,,0.000392400000,   4.21760,
,,,0.000392600000,   4.19600,
,,,0.000392800000,   4.21760,
,,,0.000393000000,   4.21680,
,,,0.000393200000,   4.21440,
,,,0.000393400000,   4.21360,
,,,0.000393600000,   4.21280,
,,,0.000393800000,   4.21040,
,,,0.000394000000,   4.20880,
,,,0.000394200000,   4.21120,
,,,0.000394400000,   4.21280,
,,,0.000394600000,   4.20720,
,,,0.000394800000,   4.20960,
,,,0.000395000000,   4.22320,
,,,0.000395200000,   4.21440,
,,,0.000395400000,   4.20800,
,,,0.000395600000,   4.20640,
,,,0.000395800000,   4.21200,
,,,0.000396000000,   4.21680,
,,,0.000396200000,   4.21280,
,,,0.000396400000,   4.21440,
,,,0.000396600000,   4.21840,
,,,0.000396800000,   4.21600,
,,,0.000397000000,   4.22400,
,,,0.000397200000,   4.22320,
,,,0.000397400000,   4.22000,
,,,0.000397600000,   4.22240,
,,,0.000397800000,   4.21920,
,,,0.000398000000,   4.22080,
,,,0.000398200000,   4.21920,
,,,0.000398400000,   4.21360,
,,,0.000398600000,   4.21920,
,,,0.000398800000,   4.21840,
,,,0.000399000000,   4.21520,
,,,0.000399200000,   4.21600,
,,,0.000399400000,   4.21440,
,,,0.000399600000,   4.21600,
,,,0.000399800000,   4.21520,
,,,0.000400000000,   4.21680,
,,,0.000400200000,   4.21600,
,,,0.000400400000,   4.22000,
,,,0.000400600000,   4.21520,
,,,0.000400800000,   4.22000,
,,,0.000401000000,   4.21200,
,,,0.000401200000,   4.21520,
,,,0.000401400000,   4.21520,
,,,0.000401600000,   4.21600,
,,,0.000401800000,   4.21920,
,,,0.000402000000,   4.21520,
,,,0.000402200000,   4.21360,
,,,0.000402400000,   4.21200,
,,,0.000402600000,   4.21440,
,,,0.000402800000,   4.21600,
,,,0.000403000000,   4.21440,
,,,0.000403200000,   4.21920,
,,,0.000403400000,   4.22000,
,,,0.000403600000,   4.22640,
,,,0.000403800000,   4.22400,
,,,0.000404000000,   4.22000,
,,,0.000404200000,   4.21840,
,,,0.000404400000,   4.22000,
,,,0.000404600000,   4.21760,
,,,0.000404800000,   4.21520,
,,,0.000405000000,   4.21760,
,,,0.000405200000,   4.21920,
,,,0.000405400000,   4.21680,
,,,0.000405600000,   4.22480,
,,,0.000405800000,   4.22720,
,,,0.000406000000,   4.21920,
,,,0.000406200000,   4.21840,
,,,0.000406400000,   4.21760,
,,,0.000406600000,   4.21760,
,,,0.000406800000,   4.22160,
,,,0.000407000000,   4.21200,
,,,0.000407200000,   4.21920,
,,,0.000407400000,   4.21280,
,,,0.000407600000,   4.21600,
,,,0.000407800000,   4.21600,
,,,0.000408000000,   4.21680,
,,,0.000408200000,   4.21840,
,,,0.000408400000,   4.21760,
,,,0.000408600000,   4.21920,
,,,0.000408800000,   4.22240,
,,,0.000409000000,   4.21200,
,,,0.000409200000,   4.21600,
,,,0.000409400000,   4.21600,
,,,0.000409600000,   4.21120,
,,,0.000409800000,   4.20800,
,,,0.000410000000,   4.21200,
,,,0.000410200000,   4.21360,
,,,0.000410400000,   4.21200,
,,,0.000410600000,   4.21520,
,,,0.000410800000,   4.22080,
,,,0.000411000000,   4.22240,
,,,0.000411200000,   4.21520,
,,,0.000411400000,   4.22080,
,,,0.000411600000,   4.21200,
,,,0.000411800000,   4.21600,
,,,0.000412000000,   4.21920,
,,,0.000412200000,   4.21920,
,,,0.000412400000,   4.21760,
,,,0.000412600000,   4.21840,
,,,0.000412800000,   4.22320,
,,,0.000413000000,   4.22400,
,,,0.000413200000,   4.22000,
,,,0.000413400000,   4.21360,
,,,0.000413600000,   4.21600,
,,,0.000413800000,   4.21840,
,,,0.000414000000,   4.21280,
,,,0.000414200000,   4.21040,
,,,0.000414400000,   4.20720,
,,,0.000414600000,   4.21120,
,,,0.000414800000,   4.21600,
,,,0.000415000000,   4.21360,
,,,0.000415200000,   4.21520,
,,,0.000415400000,   4.22240,
,,,0.000415600000,   4.21280,
,,,0.000415800000,   4.21280,
,,,0.000416000000,   4.21440,
,,,0.000416200000,   4.22080,
,,,0.000416400000,   4.22160,
,,,0.000416600000,   4.22320,
,,,0.000416800000,   4.22320,
,,,0.000417000000,   4.22400,
,,,0.000417200000,   4.22240,
,,,0.000417400000,   4.22720,
,,,0.000417600000,   4.22240,
,,,0.000417800000,   4.22240,
,,,0.000418000000,   4.21360,
,,,0.000418200000,   4.21840,
,,,0.000418400000,   4.21920,
,,,0.000418600000,   4.22400,
,,,0.000418800000,   4.21840,
,,,0.000419000000,   4.22400,
,,,0.000419200000,   4.22000,
,,,0.000419400000,   4.21920,
,,,0.000419600000,   4.21920,
,,,0.000419800000,   4.21600,
,,,0.000420000000,   4.22320,
,,,0.000420200000,   4.22400,
,,,0.000420400000,   4.22000,
,,,0.000420600000,   4.22480,
,,,0.000420800000,   4.22000,
,,,0.000421000000,   4.22240,
,,,0.000421200000,   4.22320,
,,,0.000421400000,   4.21840,
,,,0.000421600000,   4.21600,
,,,0.000421800000,   4.21920,
,,,0.000422000000,   4.21840,
,,,0.000422200000,   4.21760,
,,,0.000422400000,   4.22640,
,,,0.000422600000,   4.22480,
,,,0.000422800000,   4.22240,
,,,0.000423000000,   4.22640,
,,,0.000423200000,   4.21680,
,,,0.000423400000,   4.22400,
,,,0.000423600000,   4.22400,
,,,0.000423800000,   4.22320,
,,,0.000424000000,   4.22240,
,,,0.000424200000,   4.22640,
,,,0.000424400000,   4.22560,
,,,0.000424600000,   4.22480,
,,,0.000424800000,   4.21520,
,,,0.000425000000,   4.22480,
,,,0.000425200000,   4.22480,
,,,0.000425400000,   4.22800,
,,,0.000425600000,   4.22800,
,,,0.000425800000,   4.22320,
,,,0.000426000000,   4.23120,
,,,0.000426200000,   4.22160,
,,,0.000426400000,   4.22000,
,,,0.000426600000,   4.22240,
,,,0.000426800000,   4.22400,
,,,0.000427000000,   4.22640,
,,,0.000427200000,   4.22400,
,,,0.000427400000,   4.22480,
,,,0.000427600000,   4.23280,
,,,0.000427800000,   4.22640,
,,,0.000428000000,   4.22480,
,,,0.000428200000,   4.22320,
,,,0.000428400000,   4.22000,
,,,0.000428600000,   4.22480,
,,,0.000428800000,   4.22800,
,,,0.000429000000,   4.21840,
,,,0.000429200000,   4.21520,
,,,0.000429400000,   4.21920,
,,,0.000429600000,   4.22320,
,,,0.000429800000,   4.21920,
,,,0.000430000000,   4.22400,
,,,0.000430200000,   4.22720,
,,,0.000430400000,   4.22320,
,,,0.000430600000,   4.22400,
,,,0.000430800000,   4.22400,
,,,0.000431000000,   4.21920,
,,,0.000431200000,   4.22000,
,,,0.000431400000,   4.22720,
,,,0.000431600000,   4.22160,
,,,0.000431800000,   4.21920,
,,,0.000432000000,   4.22160,
,,,0.000432200000,   4.22320,
,,,0.000432400000,   4.22320,
,,,0.000432600000,   4.22240,
,,,0.000432800000,   4.21520,
,,,0.000433000000,   4.21760,
,,,0.000433200000,   4.22000,
,,,0.000433400000,   4.22080,
,,,0.000433600000,   4.21840,
,,,0.000433800000,   4.22080,
,,,0.000434000000,   4.22080,
,,,0.000434200000,   4.22640,
,,,0.000434400000,   4.22400,
,,,0.000434600000,   4.22000,
,,,0.000434800000,   4.22320,
,,,0.000435000000,   4.22720,
,,,0.000435200000,   4.22640,
,,,0.000435400000,   4.22560,
,,,0.000435600000,   4.22400,
,,,0.000435800000,   4.22320,
,,,0.000436000000,   4.22080,
,,,0.000436200000,   4.22080,
,,,0.000436400000,   4.21760,
,,,0.000436600000,   4.22400,
,,,0.000436800000,   4.22480,
,,,0.000437000000,   4.22800,
,,,0.000437200000,   4.21680,
,,,0.000437400000,   4.22720,
,,,0.000437600000,   4.22640,
,,,0.000437800000,   4.22560,
,,,0.000438000000,   4.21920,
,,,0.000438200000,   4.21680,
,,,0.000438400000,   4.21920,
,,,0.000438600000,   4.22240,
,,,0.000438800000,   4.22720,
,,,0.000439000000,   4.21920,
,,,0.000439200000,   4.22240,
,,,0.000439400000,   4.22480,
,,,0.000439600000,   4.21840,
,,,0.000439800000,   4.21920,
,,,0.000440000000,   4.22400,
,,,0.000440200000,   4.21920,
,,,0.000440400000,   4.22400,
,,,0.000440600000,   4.22320,
,,,0.000440800000,   4.21920,
,,,0.000441000000,   4.23200,
,,,0.000441200000,   4.22640,
,,,0.000441400000,   4.23200,
,,,0.000441600000,   4.22800,
,,,0.000441800000,   4.22720,
,,,0.000442000000,   4.22480,
,,,0.000442200000,   4.22960,
,,,0.000442400000,   4.22320,
,,,0.000442600000,   4.22400,
,,,0.000442800000,   4.22720,
,,,0.000443000000,   4.22720,
,,,0.000443200000,   4.22720,
,,,0.000443400000,   4.22640,
,,,0.000443600000,   4.21840,
,,,0.000443800000,   4.22160,
,,,0.000444000000,   4.22640,
,,,0.000444200000,   4.22000,
,,,0.000444400000,   4.20720,
,,,0.000444600000,   4.22080,
,,,0.000444800000,   4.22320,
,,,0.000445000000,   4.21840,
,,,0.000445200000,   4.22240,
,,,0.000445400000,   4.22080,
,,,0.000445600000,   4.21600,
,,,0.000445800000,   4.21920,
,,,0.000446000000,   4.20880,
,,,0.000446200000,   4.22400,
,,,0.000446400000,   4.22800,
,,,0.000446600000,   4.22240,
,,,0.000446800000,   4.21920,
,,,0.000447000000,   4.21600,
,,,0.000447200000,   4.22720,
,,,0.000447400000,   4.22800,
,,,0.000447600000,   4.22480,
,,,0.000447800000,   4.21600,
,,,0.000448000000,   4.20800,
,,,0.000448200000,   4.21680,
,,,0.000448400000,   4.21200,
,,,0.000448600000,   4.21680,
,,,0.000448800000,   4.20960,
,,,0.000449000000,   4.20560,
,,,0.000449200000,   4.20880,
,,,0.000449400000,   4.21520,
,,,0.000449600000,   4.21520,
,,,0.000449800000,   4.21200,
,,,0.000450000000,   4.21440,
,,,0.000450200000,   4.22000,
,,,0.000450400000,   4.22240,
,,,0.000450600000,   4.22720,
,,,0.000450800000,   4.23040,
,,,0.000451000000,   4.22560,
,,,0.000451200000,   4.22080,
,,,0.000451400000,   4.21920,
,,,0.000451600000,   4.21680,
,,,0.000451800000,   4.21440,
,,,0.000452000000,   4.21280,
,,,0.000452200000,   4.20800,
,,,0.000452400000,   4.21200,
,,,0.000452600000,   4.21200,
,,,0.000452800000,   4.21680,
,,,0.000453000000,   4.21840,
,,,0.000453200000,   4.21200,
,,,0.000453400000,   4.21280,
,,,0.000453600000,   4.21600,
,,,0.000453800000,   4.21520,
,,,0.000454000000,   4.21200,
,,,0.000454200000,   4.21280,
,,,0.000454400000,   4.21600,
,,,0.000454600000,   4.21520,
,,,0.000454800000,   4.21680,
,,,0.000455000000,   4.21440,
,,,0.000455200000,   4.21760,
,,,0.000455400000,   4.22160,
,,,0.000455600000,   4.21600,
,,,0.000455800000,   4.22160,
,,,0.000456000000,   4.21920,
,,,0.000456200000,   4.24880,
,,,0.000456400000,   4.22160,
,,,0.000456600000,   4.21280,
,,,0.000456800000,   4.21200,
,,,0.000457000000,   4.21280,
,,,0.000457200000,   4.21360,
,,,0.000457400000,   4.21120,
,,,0.000457600000,   4.20960,
,,,0.000457800000,   4.20640,
,,,0.000458000000,   4.21360,
,,,0.000458200000,   4.21200,
,,,0.000458400000,   4.21040,
,,,0.000458600000,   4.21200,
,,,0.000458800000,   4.20800,
,,,0.000459000000,   4.21120,
,,,0.000459200000,   4.21360,
,,,0.000459400000,   4.21120,
,,,0.000459600000,   4.21680,
,,,0.000459800000,   4.21840,
,,,0.000460000000,   4.22480,
,,,0.000460200000,   4.23360,
,,,0.000460400000,   4.22480,
,,,0.000460600000,   4.21600,
,,,0.000460800000,   4.22160,
,,,0.000461000000,   4.21680,
,,,0.000461200000,   4.21920,
,,,0.000461400000,   4.21600,
,,,0.000461600000,   4.21840,
,,,0.000461800000,   4.21680,
,,,0.000462000000,   4.21360,
,,,0.000462200000,   4.21920,
,,,0.000462400000,   4.21280,
,,,0.000462600000,   4.21920,
,,,0.000462800000,   4.21680,
,,,0.000463000000,   4.21680,
,,,0.000463200000,   4.21680,
,,,0.000463400000,   4.21440,
,,,0.000463600000,   4.21920,
,,,0.000463800000,   4.21600,
,,,0.000464000000,   4.16400,
,,,0.000464200000,   4.20240,
,,,0.000464400000,   4.20800,
,,,0.000464600000,   4.21520,
,,,0.000464800000,   4.21120,
,,,0.000465000000,   4.21600,
,,,0.000465200000,   4.21360,
,,,0.000465400000,   4.20640,
,,,0.000465600000,   4.21040,
,,,0.000465800000,   4.21120,
,,,0.000466000000,   4.20960,
,,,0.000466200000,   4.21520,
,,,0.000466400000,   4.21360,
,,,0.000466600000,   4.22080,
,,,0.000466800000,   4.21360,
,,,0.000467000000,   4.20640,
,,,0.000467200000,   4.21120,
,,,0.000467400000,   4.21680,
,,,0.000467600000,   4.21920,
,,,0.000467800000,   4.22640,
,,,0.000468000000,   4.22000,
,,,0.000468200000,   4.22560,
,,,0.000468400000,   4.22720,
,,,0.000468600000,   4.22320,
,,,0.000468800000,   4.22640,
,,,0.000469000000,   4.22320,
,,,0.000469200000,   4.22800,
,,,0.000469400000,   4.21920,
,,,0.000469600000,   4.21280,
,,,0.000469800000,   4.21280,
,,,0.000470000000,   4.21200,
,,,0.000470200000,   4.21280,
,,,0.000470400000,   4.21040,
,,,0.000470600000,   4.21120,
,,,0.000470800000,   4.21680,
,,,0.000471000000,   4.21360,
,,,0.000471200000,   4.21920,
,,,0.000471400000,   4.21600,
,,,0.000471600000,   4.20880,
,,,0.000471800000,   4.21440,
,,,0.000472000000,   4.21360,
,,,0.000472200000,   4.22240,
,,,0.000472400000,   4.21200,
,,,0.000472600000,   4.21760,
,,,0.000472800000,   4.22080,
,,,0.000473000000,   4.22400,
,,,0.000473200000,   4.22000,
,,,0.000473400000,   4.21120,
,,,0.000473600000,   4.21920,
,,,0.000473800000,   4.21680,
,,,0.000474000000,   4.21760,
,,,0.000474200000,   4.21920,
,,,0.000474400000,   4.21840,
,,,0.000474600000,   4.21760,
,,,0.000474800000,   4.22080,
,,,0.000475000000,   4.22320,
,,,0.000475200000,   4.21760,
,,,0.000475400000,   4.21360,
,,,0.000475600000,   4.21040,
,,,0.000475800000,   4.21680,
,,,0.000476000000,   4.21760,
,,,0.000476200000,   4.21680,
,,,0.000476400000,   4.21920,
,,,0.000476600000,   4.21680,
,,,0.000476800000,   4.21840,
,,,0.000477000000,   4.21920,
,,,0.000477200000,   4.22800,
,,,0.000477400000,   4.22720,
,,,0.000477600000,   4.22320,
,,,0.000477800000,   4.22160,
,,,0.000478000000,   4.22400,
,,,0.000478200000,   4.22000,
,,,0.000478400000,   4.22400,
,,,0.000478600000,   4.21680,
,,,0.000478800000,   4.21200,
,,,0.000479000000,   4.21360,
,,,0.000479200000,   4.22000,
,,,0.000479400000,   4.22000,
,,,0.000479600000,   4.22080,
,,,0.000479800000,   4.22080,
,,,0.000480000000,   4.22720,
,,,0.000480200000,   4.22000,
,,,0.000480400000,   4.21840,
,,,0.000480600000,   4.21840,
,,,0.000480800000,   4.22400,
,,,0.000481000000,   4.22240,
,,,0.000481200000,   4.22320,
,,,0.000481400000,   4.21840,
,,,0.000481600000,   4.21760,
,,,0.000481800000,   4.21920,
,,,0.000482000000,   4.21280,
,,,0.000482200000,   4.21840,
,,,0.000482400000,   4.22000,
,,,0.000482600000,   4.22080,
,,,0.000482800000,   4.22000,
,,,0.000483000000,   4.21680,
,,,0.000483200000,   4.22720,
,,,0.000483400000,   4.21840,
,,,0.000483600000,   4.21760,
,,,0.000483800000,   4.21680,
,,,0.000484000000,   4.22160,
,,,0.000484200000,   4.22160,
,,,0.000484400000,   4.22880,
,,,0.000484600000,   4.22160,
,,,0.000484800000,   4.22800,
,,,0.000485000000,   4.22240,
,,,0.000485200000,   4.22080,
,,,0.000485400000,   4.21840,
,,,0.000485600000,   4.21760,
,,,0.000485800000,   4.21200,
,,,0.000486000000,   4.21920,
,,,0.000486200000,   4.21360,
,,,0.000486400000,   4.22000,
,,,0.000486600000,   4.21600,
,,,0.000486800000,   4.21600,
,,,0.000487000000,   4.21920,
,,,0.000487200000,   4.21680,
,,,0.000487400000,   4.21280,
,,,0.000487600000,   4.21920,
,,,0.000487800000,   4.21840,
,,,0.000488000000,   4.21840,
,,,0.000488200000,   4.22240,
,,,0.000488400000,   4.22080,
,,,0.000488600000,   4.21600,
,,,0.000488800000,   4.21840,
,,,0.000489000000,   4.22320,
,,,0.000489200000,   4.21840,
,,,0.000489400000,   4.21600,
,,,0.000489600000,   4.20880,
,,,0.000489800000,   4.21520,
,,,0.000490000000,   4.22080,
,,,0.000490200000,   4.21680,
,,,0.000490400000,   4.22080,
,,,0.000490600000,   4.22640,
,,,0.000490800000,   4.22160,
,,,0.000491000000,   4.21920,
,,,0.000491200000,   4.21920,
,,,0.000491400000,   4.22240,
,,,0.000491600000,   4.22240,
,,,0.000491800000,   4.22080,
,,,0.000492000000,   4.21440,
,,,0.000492200000,   4.21920,
,,,0.000492400000,   4.22320,
,,,0.000492600000,   4.22000,
,,,0.000492800000,   4.21600,
,,,0.000493000000,   4.21200,
,,,0.000493200000,   4.22240,
,,,0.000493400000,   4.21520,
,,,0.000493600000,   4.21520,
,,,0.000493800000,   4.22320,
,,,0.000494000000,   4.22880,
,,,0.000494200000,   4.22320,
,,,0.000494400000,   4.21840,
,,,0.000494600000,   4.21760,
,,,0.000494800000,   4.22160,
,,,0.000495000000,   4.21920,
,,,0.000495200000,   4.22000,
,,,0.000495400000,   4.21920,
,,,0.000495600000,   4.22400,
,,,0.000495800000,   4.22240,
,,,0.000496000000,   4.22400,
,,,0.000496200000,   4.22000,
,,,0.000496400000,   4.21840,
,,,0.000496600000,   4.21680,
,,,0.000496800000,   4.22320,
,,,0.000497000000,   4.21840,
,,,0.000497200000,   4.22640,
,,,0.000497400000,   4.22320,
,,,0.000497600000,   4.22000,
,,,0.000497800000,   4.22240,
,,,0.000498000000,   4.21360,
,,,0.000498200000,   4.21760,
,,,0.000498400000,   4.22160,
,,,0.000498600000,   4.21840,
,,,0.000498800000,   4.22240,
,,,0.000499000000,   4.22480,
,,,0.000499200000,   4.22240,
,,,0.000499400000,   4.22880,
,,,0.000499600000,   4.22000,
,,,0.000499800000,   4.21920,
,,,0.000500000000,   4.21840,
,,,0.000500200000,   4.21760,
,,,0.000500400000,   4.21040,
,,,0.000500600000,   4.21040,
,,,0.000500800000,   4.21680,
,,,0.000501000000,   4.22000,
,,,0.000501200000,   4.22000,
,,,0.000501400000,   4.21920,
,,,0.000501600000,   4.22160,
,,,0.000501800000,   4.22080,
,,,0.000502000000,   4.22320,
,,,0.000502200000,   4.22160,
,,,0.000502400000,   4.21920,
,,,0.000502600000,   4.22720,
,,,0.000502800000,   4.22640,
,,,0.000503000000,   4.22560,
,,,0.000503200000,   4.22400,
,,,0.000503400000,   4.22400,
,,,0.000503600000,   4.22480,
,,,0.000503800000,   4.22320,
,,,0.000504000000,   4.22000,
,,,0.000504200000,   4.22000,
,,,0.000504400000,   4.22240,
,,,0.000504600000,   4.22480,
,,,0.000504800000,   4.22320,
,,,0.000505000000,   4.21680,
,,,0.000505200000,   4.22640,
,,,0.000505400000,   4.21920,
,,,0.000505600000,   4.21840,
,,,0.000505800000,   4.22080,
,,,0.000506000000,   4.21280,
,,,0.000506200000,   4.21840,
,,,0.000506400000,   4.22000,
,,,0.000506600000,   4.21840,
,,,0.000506800000,   4.21680,
,,,0.000507000000,   4.22400,
,,,0.000507200000,   4.22400,
,,,0.000507400000,   4.22320,
,,,0.000507600000,   4.21760,
,,,0.000507800000,   4.21360,
,,,0.000508000000,   4.21920,
,,,0.000508200000,   4.22320,
,,,0.000508400000,   4.21760,
,,,0.000508600000,   4.22000,
,,,0.000508800000,   4.22000,
,,,0.000509000000,   4.22720,
,,,0.000509200000,   4.22240,
,,,0.000509400000,   4.22560,
,,,0.000509600000,   4.22400,
,,,0.000509800000,   4.22480,
,,,0.000510000000,   4.22000,
,,,0.000510200000,   4.20880,
,,,0.000510400000,   4.21600,
,,,0.000510600000,   4.22240,
,,,0.000510800000,   4.22000,
,,,0.000511000000,   4.21760,
,,,0.000511200000,   4.22400,
,,,0.000511400000,   4.22000,
,,,0.000511600000,   4.22480,
,,,0.000511800000,   4.22080,
,,,0.000512000000,   4.21600,
,,,0.000512200000,   4.21920,
,,,0.000512400000,   4.22000,
,,,0.000512600000,   4.21600,
,,,0.000512800000,   4.21840,
,,,0.000513000000,   4.21600,
,,,0.000513200000,   4.22320,
,,,0.000513400000,   4.22080,
,,,0.000513600000,   4.22000,
,,,0.000513800000,   4.22160,
,,,0.000514000000,   4.22240,
,,,0.000514200000,   4.22400,
,,,0.000514400000,   4.21520,
,,,0.000514600000,   4.22160,
,,,0.000514800000,   4.22640,
,,,0.000515000000,   4.22080,
,,,0.000515200000,   4.22000,
,,,0.000515400000,   4.22320,
,,,0.000515600000,   4.22000,
,,,0.000515800000,   4.22480,
,,,0.000516000000,   4.22400,
,,,0.000516200000,   4.21520,
,,,0.000516400000,   4.21440,
,,,0.000516600000,   4.21600,
,,,0.000516800000,   4.21600,
,,,0.000517000000,   4.21040,
,,,0.000517200000,   4.21440,
,,,0.000517400000,   4.21280,
,,,0.000517600000,   4.21280,
,,,0.000517800000,   4.21200,
,,,0.000518000000,   4.20640,
,,,0.000518200000,   4.22000,
,,,0.000518400000,   4.21520,
,,,0.000518600000,   4.21520,
,,,0.000518800000,   4.20880,
,,,0.000519000000,   4.22160,
,,,0.000519200000,   4.22080,
,,,0.000519400000,   4.22640,
,,,0.000519600000,   4.22400,
,,,0.000519800000,   4.21600,
,,,0.000520000000,   4.21360,
,,,0.000520200000,   4.21680,
,,,0.000520400000,   4.21840,
,,,0.000520600000,   4.21280,
,,,0.000520800000,   4.20960,
,,,0.000521000000,   4.21360,
,,,0.000521200000,   4.21440,
,,,0.000521400000,   4.21600,
,,,0.000521600000,   4.20800,
,,,0.000521800000,   4.20720,
,,,0.000522000000,   4.20480,
,,,0.000522200000,   4.21520,
,,,0.000522400000,   4.22000,
,,,0.000522600000,   4.21280,
,,,0.000522800000,   4.22080,
,,,0.000523000000,   4.23200,
,,,0.000523200000,   4.21680,
,,,0.000523400000,   4.22000,
,,,0.000523600000,   4.21360,
,,,0.000523800000,   4.21280,
,,,0.000524000000,   4.20960,
,,,0.000524200000,   4.20640,
,,,0.000524400000,   4.21280,
,,,0.000524600000,   4.21200,
,,,0.000524800000,   4.21280,
,,,0.000525000000,   4.21520,
,,,0.000525200000,   4.21040,
,,,0.000525400000,   4.21360,
,,,0.000525600000,   4.22000,
,,,0.000525800000,   4.21360,
,,,0.000526000000,   4.21200,
,,,0.000526200000,   4.21600,
,,,0.000526400000,   4.21680,
,,,0.000526600000,   4.22000,
,,,0.000526800000,   4.21840,
,,,0.000527000000,   4.21840,
,,,0.000527200000,   4.21760,
,,,0.000527400000,   4.21280,
,,,0.000527600000,   4.22000,
,,,0.000527800000,   4.21920,
,,,0.000528000000,   4.20880,
,,,0.000528200000,   4.23600,
,,,0.000528400000,   4.21200,
,,,0.000528600000,   4.20880,
,,,0.000528800000,   4.21120,
,,,0.000529000000,   4.20880,
,,,0.000529200000,   4.20560,
,,,0.000529400000,   4.20480,
,,,0.000529600000,   4.20480,
,,,0.000529800000,   4.20400,
,,,0.000530000000,   4.20160,
,,,0.000530200000,   4.20160,
,,,0.000530400000,   4.20080,
,,,0.000530600000,   4.20480,
,,,0.000530800000,   4.20800,
,,,0.000531000000,   4.20640,
,,,0.000531200000,   4.21040,
,,,0.000531400000,   4.20720,
,,,0.000531600000,   4.20960,
,,,0.000531800000,   4.21200,
,,,0.000532000000,   4.22480,
,,,0.000532200000,   4.22560,
,,,0.000532400000,   4.22320,
,,,0.000532600000,   4.21360,
,,,0.000532800000,   4.22000,
,,,0.000533000000,   4.21840,
,,,0.000533200000,   4.21360,
,,,0.000533400000,   4.21360,
,,,0.000533600000,   4.21520,
,,,0.000533800000,   4.21360,
,,,0.000534000000,   4.21440,
,,,0.000534200000,   4.22000,
,,,0.000534400000,   4.21440,
,,,0.000534600000,   4.22000,
,,,0.000534800000,   4.21040,
,,,0.000535000000,   4.21120,
,,,0.000535200000,   4.21840,
,,,0.000535400000,   4.21280,
,,,0.000535600000,   4.21680,
,,,0.000535800000,   4.21200,
,,,0.000536000000,   4.16880,
,,,0.000536200000,   4.20240,
,,,0.000536400000,   4.20800,
,,,0.000536600000,   4.21280,
,,,0.000536800000,   4.21520,
,,,0.000537000000,   4.21360,
,,,0.000537200000,   4.21360,
,,,0.000537400000,   4.20960,
,,,0.000537600000,   4.20960,
,,,0.000537800000,   4.20880,
,,,0.000538000000,   4.20800,
,,,0.000538200000,   4.20480,
,,,0.000538400000,   4.22000,
,,,0.000538600000,   4.21680,
,,,0.000538800000,   4.21440,
,,,0.000539000000,   4.20960,
,,,0.000539200000,   4.21920,
,,,0.000539400000,   4.21840,
,,,0.000539600000,   4.22480,
,,,0.000539800000,   4.21840,
,,,0.000540000000,   4.22400,
,,,0.000540200000,   4.22400,
,,,0.000540400000,   4.22640,
,,,0.000540600000,   4.22400,
,,,0.000540800000,   4.21840,
,,,0.000541000000,   4.22400,
,,,0.000541200000,   4.22080,
,,,0.000541400000,   4.21680,
,,,0.000541600000,   4.21680,
,,,0.000541800000,   4.21520,
,,,0.000542000000,   4.21440,
,,,0.000542200000,   4.20960,
,,,0.000542400000,   4.20880,
,,,0.000542600000,   4.20960,
,,,0.000542800000,   4.21440,
,,,0.000543000000,   4.21600,
,,,0.000543200000,   4.21680,
,,,0.000543400000,   4.21360,
,,,0.000543600000,   4.21200,
,,,0.000543800000,   4.22000,
,,,0.000544000000,   4.21840,
,,,0.000544200000,   4.21920,
,,,0.000544400000,   4.21920,
,,,0.000544600000,   4.21920,
,,,0.000544800000,   4.22240,
,,,0.000545000000,   4.22160,
,,,0.000545200000,   4.21920,
,,,0.000545400000,   4.21600,
,,,0.000545600000,   4.21920,
,,,0.000545800000,   4.21520,
,,,0.000546000000,   4.21920,
,,,0.000546200000,   4.21520,
,,,0.000546400000,   4.21440,
,,,0.000546600000,   4.21360,
,,,0.000546800000,   4.21680,
,,,0.000547000000,   4.22240,
,,,0.000547200000,   4.21840,
,,,0.000547400000,   4.21680,
,,,0.000547600000,   4.21360,
,,,0.000547800000,   4.21920,
,,,0.000548000000,   4.21600,
,,,0.000548200000,   4.20960,
,,,0.000548400000,   4.21440,
,,,0.000548600000,   4.21600,
,,,0.000548800000,   4.21600,
,,,0.000549000000,   4.21840,
,,,0.000549200000,   4.22320,
,,,0.000549400000,   4.22000,
,,,0.000549600000,   4.22240,
,,,0.000549800000,   4.21920,
,,,0.000550000000,   4.21680,
,,,0.000550200000,   4.21360,
,,,0.000550400000,   4.22320,
,,,0.000550600000,   4.21600,
,,,0.000550800000,   4.21920,
,,,0.000551000000,   4.21760,
,,,0.000551200000,   4.21760,
,,,0.000551400000,   4.22480,
,,,0.000551600000,   4.22000,
,,,0.000551800000,   4.22080,
,,,0.000552000000,   4.22160,
,,,0.000552200000,   4.22080,
,,,0.000552400000,   4.22240,
,,,0.000552600000,   4.21600,
,,,0.000552800000,   4.21760,
,,,0.000553000000,   4.21600,
,,,0.000553200000,   4.21600,
,,,0.000553400000,   4.21920,
,,,0.000553600000,   4.21440,
,,,0.000553800000,   4.21120,
,,,0.000554000000,   4.21120,
,,,0.000554200000,   4.22240,
,,,0.000554400000,   4.22160,
,,,0.000554600000,   4.21920,
,,,0.000554800000,   4.21520,
,,,0.000555000000,   4.21680,
,,,0.000555200000,   4.22000,
,,,0.000555400000,   4.21760,
,,,0.000555600000,   4.21280,
,,,0.000555800000,   4.21280,
,,,0.000556000000,   4.21840,
,,,0.000556200000,   4.22000,
,,,0.000556400000,   4.21920,
,,,0.000556600000,   4.22000,
,,,0.000556800000,   4.21440,
,,,0.000557000000,   4.21280,
,,,0.000557200000,   4.22000,
,,,0.000557400000,   4.21520,
,,,0.000557600000,   4.21600,
,,,0.000557800000,   4.20160,
,,,0.000558000000,   4.20480,
,,,0.000558200000,   4.22000,
,,,0.000558400000,   4.20800,
,,,0.000558600000,   4.21040,
,,,0.000558800000,   4.21680,
,,,0.000559000000,   4.21200,
,,,0.000559200000,   4.20800,
,,,0.000559400000,   4.21760,
,,,0.000559600000,   4.21200,
,,,0.000559800000,   4.21120,
,,,0.000560000000,   4.21760,
,,,0.000560200000,   4.22080,
,,,0.000560400000,   4.22640,
,,,0.000560600000,   4.22240,
,,,0.000560800000,   4.22400,
,,,0.000561000000,   4.22240,
,,,0.000561200000,   4.22400,
,,,0.000561400000,   4.22000,
,,,0.000561600000,   4.21600,
,,,0.000561800000,   4.22000,
,,,0.000562000000,   4.22080,
,,,0.000562200000,   4.21840,
,,,0.000562400000,   4.22160,
,,,0.000562600000,   4.21920,
,,,0.000562800000,   4.22400,
,,,0.000563000000,   4.21920,
,,,0.000563200000,   4.21840,
,,,0.000563400000,   4.22000,
,,,0.000563600000,   4.22080,
,,,0.000563800000,   4.22080,
,,,0.000564000000,   4.22640,
,,,0.000564200000,   4.22320,
,,,0.000564400000,   4.21920,
,,,0.000564600000,   4.22080,
,,,0.000564800000,   4.21760,
,,,0.000565000000,   4.21280,
,,,0.000565200000,   4.21760,
,,,0.000565400000,   4.21680,
,,,0.000565600000,   4.21520,
,,,0.000565800000,   4.21360,
,,,0.000566000000,   4.21760,
,,,0.000566200000,   4.21680,
,,,0.000566400000,   4.21760,
,,,0.000566600000,   4.20960,
,,,0.000566800000,   4.20800,
,,,0.000567000000,   4.21920,
,,,0.000567200000,   4.22080,
,,,0.000567400000,   4.22320,
,,,0.000567600000,   4.22240,
,,,0.000567800000,   4.21920,
,,,0.000568000000,   4.21920,
,,,0.000568200000,   4.21920,
,,,0.000568400000,   4.21520,
,,,0.000568600000,   4.21520,
,,,0.000568800000,   4.22240,
,,,0.000569000000,   4.21840,
,,,0.000569200000,   4.22080,
,,,0.000569400000,   4.22720,
,,,0.000569600000,   4.22320,
,,,0.000569800000,   4.22160,
,,,0.000570000000,   4.21440,
,,,0.000570200000,   4.22080,
,,,0.000570400000,   4.22160,
,,,0.000570600000,   4.22160,
,,,0.000570800000,   4.22000,
,,,0.000571000000,   4.22320,
,,,0.000571200000,   4.22080,
,,,0.000571400000,   4.22240,
,,,0.000571600000,   4.22000,
,,,0.000571800000,   4.21360,
,,,0.000572000000,   4.21920,
,,,0.000572200000,   4.22240,
,,,0.000572400000,   4.22000,
,,,0.000572600000,   4.21840,
,,,0.000572800000,   4.21680,
,,,0.000573000000,   4.22160,
,,,0.000573200000,   4.22080,
,,,0.000573400000,   4.22160,
,,,0.000573600000,   4.22400,
,,,0.000573800000,   4.22640,
,,,0.000574000000,   4.22720,
,,,0.000574200000,   4.21920,
,,,0.000574400000,   4.21120,
,,,0.000574600000,   4.22080,
,,,0.000574800000,   4.22720,
,,,0.000575000000,   4.22400,
,,,0.000575200000,   4.22480,
,,,0.000575400000,   4.22640,
,,,0.000575600000,   4.22080,
,,,0.000575800000,   4.22320,
,,,0.000576000000,   4.22480,
,,,0.000576200000,   4.21600,
,,,0.000576400000,   4.21680,
,,,0.000576600000,   4.22400,
,,,0.000576800000,   4.22480,
,,,0.000577000000,   4.22400,
,,,0.000577200000,   4.22320,
,,,0.000577400000,   4.22800,
,,,0.000577600000,   4.22400,
,,,0.000577800000,   4.22160,
,,,0.000578000000,   4.22080,
,,,0.000578200000,   4.22080,
,,,0.000578400000,   4.22560,
,,,0.000578600000,   4.22640,
,,,0.000578800000,   4.22320,
,,,0.000579000000,   4.22720,
,,,0.000579200000,   4.22320,
,,,0.000579400000,   4.21920,
,,,0.000579600000,   4.22160,
,,,0.000579800000,   4.22000,
,,,0.000580000000,   4.22080,
,,,0.000580200000,   4.22480,
,,,0.000580400000,   4.22000,
,,,0.000580600000,   4.22720,
,,,0.000580800000,   4.22880,
,,,0.000581000000,   4.22640,
,,,0.000581200000,   4.22720,
,,,0.000581400000,   4.22160,
,,,0.000581600000,   4.21840,
,,,0.000581800000,   4.22480,
,,,0.000582000000,   4.22400,
,,,0.000582200000,   4.22240,
,,,0.000582400000,   4.22240,
,,,0.000582600000,   4.21920,
,,,0.000582800000,   4.22480,
,,,0.000583000000,   4.22160,
,,,0.000583200000,   4.22400,
,,,0.000583400000,   4.22240,
,,,0.000583600000,   4.21920,
,,,0.000583800000,   4.22240,
,,,0.000584000000,   4.21360,
,,,0.000584200000,   4.21920,
,,,0.000584400000,   4.22320,
,,,0.000584600000,   4.22640,
,,,0.000584800000,   4.22400,
,,,0.000585000000,   4.23120,
,,,0.000585200000,   4.23040,
,,,0.000585400000,   4.23040,
,,,0.000585600000,   4.22400,
,,,0.000585800000,   4.22000,
,,,0.000586000000,   4.22560,
,,,0.000586200000,   4.22640,
,,,0.000586400000,   4.22480,
,,,0.000586600000,   4.22240,
,,,0.000586800000,   4.22560,
,,,0.000587000000,   4.22320,
,,,0.000587200000,   4.22400,
,,,0.000587400000,   4.22000,
,,,0.000587600000,   4.21600,
,,,0.000587800000,   4.21120,
,,,0.000588000000,   4.21840,
,,,0.000588200000,   4.22000,
,,,0.000588400000,   4.21760,
,,,0.000588600000,   4.21600,
,,,0.000588800000,   4.21920,
,,,0.000589000000,   4.21680,
,,,0.000589200000,   4.21360,
,,,0.000589400000,   4.21600,
,,,0.000589600000,   4.21200,
,,,0.000589800000,   4.22240,
,,,0.000590000000,   4.22000,
,,,0.000590200000,   4.21120,
,,,0.000590400000,   4.21440,
,,,0.000590600000,   4.21920,
,,,0.000590800000,   4.22640,
,,,0.000591000000,   4.22400,
,,,0.000591200000,   4.21040,
,,,0.000591400000,   4.21840,
,,,0.000591600000,   4.20800,
,,,0.000591800000,   4.21360,
,,,0.000592000000,   4.21840,
,,,0.000592200000,   4.21440,
,,,0.000592400000,   4.21440,
,,,0.000592600000,   4.21280,
,,,0.000592800000,   4.21920,
,,,0.000593000000,   4.21440,
,,,0.000593200000,   4.21840,
,,,0.000593400000,   4.22240,
,,,0.000593600000,   4.22240,
,,,0.000593800000,   4.22560,
,,,0.000594000000,   4.22320,
,,,0.000594200000,   4.22320,
,,,0.000594400000,   4.21360,
,,,0.000594600000,   4.21680,
,,,0.000594800000,   4.22160,
,,,0.000595000000,   4.22000,
,,,0.000595200000,   4.22000,
,,,0.000595400000,   4.21200,
,,,0.000595600000,   4.21600,
,,,0.000595800000,   4.21280,
,,,0.000596000000,   4.21520,
,,,0.000596200000,   4.20880,
,,,0.000596400000,   4.21520,
,,,0.000596600000,   4.21680,
,,,0.000596800000,   4.21360,
,,,0.000597000000,   4.21280,
,,,0.000597200000,   4.21360,
,,,0.000597400000,   4.20800,
,,,0.000597600000,   4.21040,
,,,0.000597800000,   4.21120,
,,,0.000598000000,   4.21680,
,,,0.000598200000,   4.22000,
,,,0.000598400000,   4.21920,
,,,0.000598600000,   4.22320,
,,,0.000598800000,   4.22080,
,,,0.000599000000,   4.21600,
,,,0.000599200000,   4.21120,
,,,0.000599400000,   4.21680,
,,,0.000599600000,   4.21600,
,,,0.000599800000,   4.21440,
,,,0.000600000000,   4.21120,
,,,0.000600200000,   4.21280,
,,,0.000600400000,   4.21680,
,,,0.000600600000,   4.22000,
,,,0.000600800000,   4.21600,
,,,0.000601000000,   4.21680,
,,,0.000601200000,   4.21680,
,,,0.000601400000,   4.21440,
,,,0.000601600000,   4.21600,
,,,0.000601800000,   4.21760,
,,,0.000602000000,   4.21040,
,,,0.000602200000,   4.21280,
,,,0.000602400000,   4.21920,
,,,0.000602600000,   4.21520,
,,,0.000602800000,   4.21440,
,,,0.000603000000,   4.21440,
,,,0.000603200000,   4.22000,
,,,0.000603400000,   4.22000,
,,,0.000603600000,   4.22080,
,,,0.000603800000,   4.22640,
,,,0.000604000000,   4.21360,
,,,0.000604200000,   4.22320,
,,,0.000604400000,   4.21520,
,,,0.000604600000,   4.21840,
,,,0.000604800000,   4.22000,
,,,0.000605000000,   4.21280,
,,,0.000605200000,   4.21680,
,,,0.000605400000,   4.21600,
,,,0.000605600000,   4.22320,
,,,0.000605800000,   4.22400,
,,,0.000606000000,   4.22320,
,,,0.000606200000,   4.22320,
,,,0.000606400000,   4.21360,
,,,0.000606600000,   4.21680,
,,,0.000606800000,   4.22240,
,,,0.000607000000,   4.21600,
,,,0.000607200000,   4.21440,
,,,0.000607400000,   4.21120,
,,,0.000607600000,   4.21360,
,,,0.000607800000,   4.21520,
,,,0.000608000000,   4.22080,
,,,0.000608200000,   4.21760,
,,,0.000608400000,   4.22320,
,,,0.000608600000,   4.22000,
,,,0.000608800000,   4.21360,
,,,0.000609000000,   4.21920,
,,,0.000609200000,   4.22000,
,,,0.000609400000,   4.21360,
,,,0.000609600000,   4.21680,
,,,0.000609800000,   4.21280,
,,,0.000610000000,   4.22560,
,,,0.000610200000,   4.22320,
,,,0.000610400000,   4.22320,
,,,0.000610600000,   4.22480,
,,,0.000610800000,   4.21760,
,,,0.000611000000,   4.21520,
,,,0.000611200000,   4.21600,
,,,0.000611400000,   4.21680,
,,,0.000611600000,   4.21200,
,,,0.000611800000,   4.21360,
,,,0.000612000000,   4.21920,
,,,0.000612200000,   4.21840,
,,,0.000612400000,   4.21440,
,,,0.000612600000,   4.21760,
,,,0.000612800000,   4.21120,
,,,0.000613000000,   4.21280,
,,,0.000613200000,   4.20960,
,,,0.000613400000,   4.22000,
,,,0.000613600000,   4.21840,
,,,0.000613800000,   4.21840,
,,,0.000614000000,   4.21840,
,,,0.000614200000,   4.21600,
,,,0.000614400000,   4.22000,
,,,0.000614600000,   4.22320,
,,,0.000614800000,   4.22320,
,,,0.000615000000,   4.22240,
,,,0.000615200000,   4.21680,
,,,0.000615400000,   4.21600,
,,,0.000615600000,   4.22720,
,,,0.000615800000,   4.22800,
,,,0.000616000000,   4.22320,
,,,0.000616200000,   4.22400,
,,,0.000616400000,   4.22720,
,,,0.000616600000,   4.23040,
,,,0.000616800000,   4.22480,
,,,0.000617000000,   4.22560,
,,,0.000617200000,   4.21360,
,,,0.000617400000,   4.21920,
,,,0.000617600000,   4.22320,
,,,0.000617800000,   4.22000,
,,,0.000618000000,   4.22480,
,,,0.000618200000,   4.22800,
,,,0.000618400000,   4.22320,
,,,0.000618600000,   4.22000,
,,,0.000618800000,   4.21600,
,,,0.000619000000,   4.21200,
,,,0.000619200000,   4.22000,
,,,0.000619400000,   4.22080,
,,,0.000619600000,   4.22160,
,,,0.000619800000,   4.22880,
,,,0.000620000000,   4.22000,
,,,0.000620200000,   4.21840,
,,,0.000620400000,   4.21680,
,,,0.000620600000,   4.21360,
,,,0.000620800000,   4.22000,
,,,0.000621000000,   4.22240,
,,,0.000621200000,   4.21840,
,,,0.000621400000,   4.22720,
,,,0.000621600000,   4.22800,
,,,0.000621800000,   4.22800,
,,,0.000622000000,   4.22640,
,,,0.000622200000,   4.22240,
,,,0.000622400000,   4.22000,
,,,0.000622600000,   4.22400,
,,,0.000622800000,   4.22080,
,,,0.000623000000,   4.22640,
,,,0.000623200000,   4.22480,
,,,0.000623400000,   4.22240,
,,,0.000623600000,   4.22320,
,,,0.000623800000,   4.21680,
,,,0.000624000000,   4.21920,
,,,0.000624200000,   4.22000,
,,,0.000624400000,   4.22080,
,,,0.000624600000,   4.21760,
,,,0.000624800000,   4.22400,
,,,0.000625000000,   4.22400,
,,,0.000625200000,   4.22320,
,,,0.000625400000,   4.22240,
,,,0.000625600000,   4.21600,
,,,0.000625800000,   4.21920,
,,,0.000626000000,   4.21840,
,,,0.000626200000,   4.22000,
,,,0.000626400000,   4.21680,
,,,0.000626600000,   4.21840,
,,,0.000626800000,   4.22320,
,,,0.000627000000,   4.21680,
,,,0.000627200000,   4.21680,
,,,0.000627400000,   4.22560,
,,,0.000627600000,   4.22400,
,,,0.000627800000,   4.22800,
,,,0.000628000000,   4.22400,
,,,0.000628200000,   4.22160,
,,,0.000628400000,   4.22320,
,,,0.000628600000,   4.22800,
,,,0.000628800000,   4.22000,
,,,0.000629000000,   4.21840,
,,,0.000629200000,   4.22400,
,,,0.000629400000,   4.22000,
,,,0.000629600000,   4.22640,
,,,0.000629800000,   4.22560,
,,,0.000630000000,   4.22080,
,,,0.000630200000,   4.22000,
,,,0.000630400000,   4.22800,
,,,0.000630600000,   4.22480,
,,,0.000630800000,   4.22080,
,,,0.000631000000,   4.22000,
,,,0.000631200000,   4.22400,
,,,0.000631400000,   4.22320,
,,,0.000631600000,   4.22480,
,,,0.000631800000,   4.21440,
,,,0.000632000000,   4.21440,
,,,0.000632200000,   4.22080,
,,,0.000632400000,   4.21040,
,,,0.000632600000,   4.21920,
,,,0.000632800000,   4.22560,
,,,0.000633000000,   4.22160,
,,,0.000633200000,   4.22160,
,,,0.000633400000,   4.22560,
,,,0.000633600000,   4.22720,
,,,0.000633800000,   4.22720,
,,,0.000634000000,   4.21600,
,,,0.000634200000,   4.22000,
,,,0.000634400000,   4.21920,
,,,0.000634600000,   4.22000,
,,,0.000634800000,   4.22480,
,,,0.000635000000,   4.22000,
,,,0.000635200000,   4.22640,
,,,0.000635400000,   4.22240,
,,,0.000635600000,   4.22320,
,,,0.000635800000,   4.22560,
,,,0.000636000000,   4.22320,
,,,0.000636200000,   4.22000,
,,,0.000636400000,   4.22480,
,,,0.000636600000,   4.22240,
,,,0.000636800000,   4.22480,
,,,0.000637000000,   4.22240,
,,,0.000637200000,   4.21600,
,,,0.000637400000,   4.22320,
,,,0.000637600000,   4.22240,
,,,0.000637800000,   4.21760,
,,,0.000638000000,   4.22320,
,,,0.000638200000,   4.22480,
,,,0.000638400000,   4.22000,
,,,0.000638600000,   4.21840,
,,,0.000638800000,   4.22320,
,,,0.000639000000,   4.22240,
,,,0.000639200000,   4.22640,
,,,0.000639400000,   4.22400,
,,,0.000639600000,   4.22480,
,,,0.000639800000,   4.22480,
,,,0.000640000000,   4.23040,
,,,0.000640200000,   4.21920,
,,,0.000640400000,   4.21840,
,,,0.000640600000,   4.22880,
,,,0.000640800000,   4.22240,
,,,0.000641000000,   4.22080,
,,,0.000641200000,   4.22640,
,,,0.000641400000,   4.22000,
,,,0.000641600000,   4.22240,
,,,0.000641800000,   4.22320,
,,,0.000642000000,   4.21600,
,,,0.000642200000,   4.21440,
,,,0.000642400000,   4.22000,
,,,0.000642600000,   4.21760,
,,,0.000642800000,   4.21840,
,,,0.000643000000,   4.21360,
,,,0.000643200000,   4.21840,
,,,0.000643400000,   4.21680,
,,,0.000643600000,   4.20800,
,,,0.000643800000,   4.21280,
,,,0.000644000000,   4.20480,
,,,0.000644200000,   4.20720,
,,,0.000644400000,   4.21280,
,,,0.000644600000,   4.21120,
,,,0.000644800000,   4.20800,
,,,0.000645000000,   4.21120,
,,,0.000645200000,   4.21120,
,,,0.000645400000,   4.21840,
,,,0.000645600000,   4.21680,
,,,0.000645800000,   4.21680,
,,,0.000646000000,   4.22320,
,,,0.000646200000,   4.21840,
,,,0.000646400000,   4.22720,
,,,0.000646600000,   4.22880,
,,,0.000646800000,   4.23200,
,,,0.000647000000,   4.22080,
,,,0.000647200000,   4.22160,
,,,0.000647400000,   4.21280,
,,,0.000647600000,   4.21440,
,,,0.000647800000,   4.21280,
,,,0.000648000000,   4.20880,
,,,0.000648200000,   4.20960,
,,,0.000648400000,   4.20800,
,,,0.000648600000,   4.21360,
,,,0.000648800000,   4.21280,
,,,0.000649000000,   4.21360,
,,,0.000649200000,   4.21440,
,,,0.000649400000,   4.21920,
,,,0.000649600000,   4.21680,
,,,0.000649800000,   4.21440,
,,,0.000650000000,   4.21600,
,,,0.000650200000,   4.21360,
,,,0.000650400000,   4.21920,
,,,0.000650600000,   4.21360,
,,,0.000650800000,   4.21840,
,,,0.000651000000,   4.22240,
,,,0.000651200000,   4.21360,
,,,0.000651400000,   4.22080,
,,,0.000651600000,   4.22240,
,,,0.000651800000,   4.22400,
,,,0.000652000000,   4.24240,
,,,0.000652200000,   4.22080,
,,,0.000652400000,   4.21520,
,,,0.000652600000,   4.21440,
,,,0.000652800000,   4.21840,
,,,0.000653000000,   4.21760,
,,,0.000653200000,   4.21200,
,,,0.000653400000,   4.20720,
,,,0.000653600000,   4.21120,
,,,0.000653800000,   4.21280,
,,,0.000654000000,   4.21120,
,,,0.000654200000,   4.21040,
,,,0.000654400000,   4.20960,
,,,0.000654600000,   4.21120,
,,,0.000654800000,   4.20800,
,,,0.000655000000,   4.21280,
,,,0.000655200000,   4.21200,
,,,0.000655400000,   4.21200,
,,,0.000655600000,   4.22240,
,,,0.000655800000,   4.22400,
,,,0.000656000000,   4.22400,
,,,0.000656200000,   4.22400,
,,,0.000656400000,   4.21840,
,,,0.000656600000,   4.22320,
,,,0.000656800000,   4.21200,
,,,0.000657000000,   4.21120,
,,,0.000657200000,   4.21200,
,,,0.000657400000,   4.21200,
,,,0.000657600000,   4.21120,
,,,0.000657800000,   4.21440,
,,,0.000658000000,   4.21280,
,,,0.000658200000,   4.21600,
,,,0.000658400000,   4.21920,
,,,0.000658600000,   4.21840,
,,,0.000658800000,   4.21840,
,,,0.000659000000,   4.21440,
,,,0.000659200000,   4.21120,
,,,0.000659400000,   4.21520,
,,,0.000659600000,   4.21120,
,,,0.000659800000,   4.21920,
,,,0.000660000000,   4.21280,
,,,0.000660200000,   4.21520,
,,,0.000660400000,   4.21840,
,,,0.000660600000,   4.21600,
,,,0.000660800000,   4.20880,
,,,0.000661000000,   4.21200,
,,,0.000661200000,   4.20800,
,,,0.000661400000,   4.20720,
,,,0.000661600000,   4.20400,
,,,0.000661800000,   4.20320,
,,,0.000662000000,   4.20080,
,,,0.000662200000,   4.20640,
,,,0.000662400000,   4.21120,
,,,0.000662600000,   4.21280,
,,,0.000662800000,   4.20800,
,,,0.000663000000,   4.20720,
,,,0.000663200000,   4.21120,
,,,0.000663400000,   4.20560,
,,,0.000663600000,   4.20880,
,,,0.000663800000,   4.21440,
,,,0.000664000000,   4.20960,
,,,0.000664200000,   4.21040,
,,,0.000664400000,   4.20880,
,,,0.000664600000,   4.21200,
,,,0.000664800000,   4.20560,
,,,0.000665000000,   4.20560,
,,,0.000665200000,   4.20320,
,,,0.000665400000,   4.21040,
,,,0.000665600000,   4.21040,
,,,0.000665800000,   4.21280,
,,,0.000666000000,   4.21200,
,,,0.000666200000,   4.20800,
,,,0.000666400000,   4.20560,
,,,0.000666600000,   4.20720,
,,,0.000666800000,   4.21040,
,,,0.000667000000,   4.20560,
,,,0.000667200000,   4.20240,
,,,0.000667400000,   4.20640,
,,,0.000667600000,   4.21200,
,,,0.000667800000,   4.20880,
,,,0.000668000000,   4.21200,
,,,0.000668200000,   4.21280,
,,,0.000668400000,   4.21680,
,,,0.000668600000,   4.21440,
,,,0.000668800000,   4.20560,
,,,0.000669000000,   4.21440,
,,,0.000669200000,   4.21600,
,,,0.000669400000,   4.21920,
,,,0.000669600000,   4.21840,
,,,0.000669800000,   4.21920,
,,,0.000670000000,   4.21280,
,,,0.000670200000,   4.21520,
,,,0.000670400000,   4.21040,
,,,0.000670600000,   4.21200,
,,,0.000670800000,   4.22080,
,,,0.000671000000,   4.21520,
,,,0.000671200000,   4.21840,
,,,0.000671400000,   4.20960,
,,,0.000671600000,   4.20400,
,,,0.000671800000,   4.21120,
,,,0.000672000000,   4.20480,
,,,0.000672200000,   4.20880,
,,,0.000672400000,   4.20960,
,,,0.000672600000,   4.21280,
,,,0.000672800000,   4.20800,
,,,0.000673000000,   4.20800,
,,,0.000673200000,   4.21680,
,,,0.000673400000,   4.21200,
,,,0.000673600000,   4.21280,
,,,0.000673800000,   4.20640,
,,,0.000674000000,   4.20720,
,,,0.000674200000,   4.21280,
,,,0.000674400000,   4.21680,
,,,0.000674600000,   4.21200,
,,,0.000674800000,   4.21200,
,,,0.000675000000,   4.20960,
,,,0.000675200000,   4.22080,
,,,0.000675400000,   4.22560,
,,,0.000675600000,   4.22720,
,,,0.000675800000,   4.22480,
,,,0.000676000000,   4.22240,
,,,0.000676200000,   4.22080,
,,,0.000676400000,   4.22720,
,,,0.000676600000,   4.21760,
,,,0.000676800000,   4.20800,
,,,0.000677000000,   4.21280,
,,,0.000677200000,   4.21840,
,,,0.000677400000,   4.21360,
,,,0.000677600000,   4.21520,
,,,0.000677800000,   4.21520,
,,,0.000678000000,   4.21920,
,,,0.000678200000,   4.21280,
,,,0.000678400000,   4.21360,
,,,0.000678600000,   4.21680,
,,,0.000678800000,   4.21520,
,,,0.000679000000,   4.21360,
,,,0.000679200000,   4.21680,
,,,0.000679400000,   4.13520,
,,,0.000679600000,   4.20080,
,,,0.000679800000,   4.21120,
,,,0.000680000000,   4.20960,
,,,0.000680200000,   4.21520,
,,,0.000680400000,   4.21920,
,,,0.000680600000,   4.21280,
,,,0.000680800000,   4.21280,
,,,0.000681000000,   4.20880,
,,,0.000681200000,   4.21120,
,,,0.000681400000,   4.21040,
,,,0.000681600000,   4.21280,
,,,0.000681800000,   4.22000,
,,,0.000682000000,   4.22240,
,,,0.000682200000,   4.21440,
,,,0.000682400000,   4.21280,
,,,0.000682600000,   4.20960,
,,,0.000682800000,   4.21920,
,,,0.000683000000,   4.22640,
,,,0.000683200000,   4.22400,
,,,0.000683400000,   4.22080,
,,,0.000683600000,   4.22400,
,,,0.000683800000,   4.22400,
,,,0.000684000000,   4.21760,
,,,0.000684200000,   4.21680,
,,,0.000684400000,   4.22000,
,,,0.000684600000,   4.22080,
,,,0.000684800000,   4.21840,
,,,0.000685000000,   4.21440,
,,,0.000685200000,   4.22080,
,,,0.000685400000,   4.21440,
,,,0.000685600000,   4.21760,
,,,0.000685800000,   4.22000,
,,,0.000686000000,   4.21760,
,,,0.000686200000,   4.22160,
,,,0.000686400000,   4.22320,
,,,0.000686600000,   4.21920,
,,,0.000686800000,   4.22160,
,,,0.000687000000,   4.21520,
,,,0.000687200000,   4.21920,
,,,0.000687400000,   4.22160,
,,,0.000687600000,   4.22480,
,,,0.000687800000,   4.22080,
,,,0.000688000000,   4.22400,
,,,0.000688200000,   4.22320,
,,,0.000688400000,   4.22480,
,,,0.000688600000,   4.22160,
,,,0.000688800000,   4.21760,
,,,0.000689000000,   4.22480,
,,,0.000689200000,   4.22240,
,,,0.000689400000,   4.22160,
,,,0.000689600000,   4.21680,
,,,0.000689800000,   4.22400,
,,,0.000690000000,   4.22080,
,,,0.000690200000,   4.22400,
,,,0.000690400000,   4.22240,
,,,0.000690600000,   4.22400,
,,,0.000690800000,   4.22320,
,,,0.000691000000,   4.22000,
,,,0.000691200000,   4.21600,
,,,0.000691400000,   4.22320,
,,,0.000691600000,   4.22320,
,,,0.000691800000,   4.22080,
,,,0.000692000000,   4.21920,
,,,0.000692200000,   4.21920,
,,,0.000692400000,   4.21760,
,,,0.000692600000,   4.22080,
,,,0.000692800000,   4.22480,
,,,0.000693000000,   4.22480,
,,,0.000693200000,   4.22240,
,,,0.000693400000,   4.22240,
,,,0.000693600000,   4.21680,
,,,0.000693800000,   4.22400,
,,,0.000694000000,   4.21840,
,,,0.000694200000,   4.21680,
,,,0.000694400000,   4.21760,
,,,0.000694600000,   4.21440,
,,,0.000694800000,   4.21920,
,,,0.000695000000,   4.21840,
,,,0.000695200000,   4.22320,
,,,0.000695400000,   4.22480,
,,,0.000695600000,   4.22160,
,,,0.000695800000,   4.22480,
